Date,News Organization,Tweet's Text,Compound Score,Positive Score,Neutral Score,Negative Score,Count
2018 04 09,BBC,"üê∂‚ù§Ô∏èüòΩ
Henry and Baloo: Dog and cat travel companions gain cult following.
üëâ https://t.co/rTpxqa69Oq https://t.co/iRkQXMwnyv",0.5267,0.207,0.793,0.0,1
2018 04 09,BBC,"A new campaign is encouraging people to do CPR to the tune of @The_Proclaimers' hit 'I'm Gonna Be (500 miles)'.
üëâ‚Ä¶ https://t.co/MULW1tgRPL",0.5267,0.145,0.855,0.0,2
2018 04 09,BBC,"How NOT to impress Madonna...
#TheGrahamNortonShow #TGNS https://t.co/NnYS15sU9p",0.4404,0.293,0.707,0.0,3
2018 04 09,BBC,RT @bbccomedy: Philomena Cunk steps on board the first ship to circumcise the globe. #CunkOnBritain @missdianemorgan https://t.co/f1oHsolPHe,0.0,0.0,1.0,0.0,4
2018 04 09,BBC,"üå≠üê∂ Over 1,500 people turned up to this mass sausage dog walk in Manchester yesterday. https://t.co/6fscMy6eZ7",0.0,0.0,1.0,0.0,5
2018 04 09,BBC,"RT @bbcsoutheast: You don't have to be married to take part in ""wife-carrying"". Fancy giving it a go? #Dorking #wifecarrying #wifecarryingu‚Ä¶",0.34,0.112,0.888,0.0,6
2018 04 09,BBC,"RT @BBCnireland: As the days get longer, here are some #TightShorts tips on creating that naturally flawless, 'don't get seen, blend into t‚Ä¶",0.6705,0.208,0.792,0.0,7
2018 04 09,BBC,Flipping the script on dyslexia. https://t.co/rW1FLygX9V,0.0,0.0,1.0,0.0,8
2018 04 09,BBC,"RT @bbcthesocial: This is how homophobia feels in 2018.

#TimeForLove https://t.co/dHfsvt94Nz",0.0,0.0,1.0,0.0,9
2018 04 09,BBC,RT @BBCFOUR: How do you cope with stage fright when you're working at music's top level? Listen to the new #BBCYoungMusician podcast with @‚Ä¶,-0.2023,0.068,0.833,0.098,10
2018 04 09,BBC,"Love hurts, but this is a step too far...

üíç People are getting finger piercings instead of engagement rings.
üëâ‚Ä¶ https://t.co/eargluPvnC",0.6757,0.268,0.649,0.083,11
2018 04 09,BBC,"üò¥üêª When the weather is so cold that you can't bear to get up. 
#MondayMorning https://t.co/JhfqRhL5fQ",0.0,0.0,1.0,0.0,12
2018 04 09,BBC,RT @BBCTwo: Every Saga must come to an end... #TheBridge https://t.co/YNyeMUM8A2,0.0,0.0,1.0,0.0,13
2018 04 09,BBC,"RT @BBCRadio4: ""If a ¬£100 coat is half price, and you buy it, you haven't saved ¬£50 you've spent ¬£50.""
https://t.co/yKrYlW9jf6",-0.3252,0.0,0.891,0.109,14
2018 04 09,BBC,"üò≤üöÇ Hop onboard the train that (somehow) squeezes through a crowded market near Bangkok, eight times a day! https://t.co/htvLHtJdPH",0.0,0.0,1.0,0.0,15
2018 04 09,BBC,"The story of why the Roman Baths developed, how they were lost for many centuries and how they were rediscovered.‚Ä¶ https://t.co/zEzPchOgPO",-0.3182,0.0,0.897,0.103,16
2018 04 09,BBC,üè• How can #3DPrinting be of use in surgery? https://t.co/3LQkXMMHwo,0.0,0.0,1.0,0.0,17
2018 04 08,BBC,"üò∫üí¶ This is Maya the jaguar's very first swim!  
#BigCatsAboutTheHouse https://t.co/IacZP3ltf3",0.0,0.0,1.0,0.0,18
2018 04 08,BBC,üòÇ Need a hand getting the kids to bed? https://t.co/JAUkyoVSA8,0.4939,0.314,0.686,0.0,19
2018 04 08,BBC,"'Silencing masks' and 'wife auctions': What life used to be like for women. 
üëâ https://t.co/7Z1bcXKgOx https://t.co/gzm7Hf3loH",0.25,0.147,0.765,0.088,20
2018 04 08,BBC,"ü¶ñüòÇ Philomena Cunk examines the barbaric conditions in which we keep today's dinosaurs.
#CunkOnBritain  https://t.co/nBav5dqh7a",0.0,0.0,1.0,0.0,21
2018 04 08,BBC,"RT @bbcgetinspired: Meet Sue...

She is planning to run the 2018 @LondonMarathon to prove someone with vascular dementia can do it. üôå

‚û° ht‚Ä¶",0.0,0.0,1.0,0.0,22
2018 04 08,BBC,üé® Victoria Lomasko is a Russian graphic artist who's travelled up and down her country painting 'forgotten women'. https://t.co/XtlpBlAYb0,-0.2263,0.0,0.894,0.106,23
2018 04 08,BBC,"üé∂ The search for the next Young Musician has begun, and the first @BBCYoungMus semi-finalist of 2018 has been confi‚Ä¶ https://t.co/klUA4GWtb0",0.0,0.0,1.0,0.0,24
2018 04 08,BBC,"'If boys are getting diagnosed with autism, girls need exactly the same.' https://t.co/f7Aft0LWwB",0.0,0.0,1.0,0.0,25
2018 04 08,BBC,üíÉüï∫ Meet the kids cutting some serious shapes on the streets of Lagos. https://t.co/3ySZPqua01,-0.2023,0.0,0.811,0.189,26
2018 04 08,BBC,"RT @BBCSport: What a nice surprise üòçüíç

Two of @TeamEngland 's basketball players got engaged on court at the Commonwealths. 

Congrats @Jam‚Ä¶",0.875,0.393,0.607,0.0,27
2018 04 08,BBC,üòÇ 'Surprise me'. https://t.co/Jo7illTafh,0.2732,0.512,0.488,0.0,28
2018 04 08,BBC,"When doctors found a large tumour on little Poppy‚Äôs brain, her parents faced one of the toughest decisions of their‚Ä¶ https://t.co/MGM0dpxlFH",-0.0772,0.0,0.936,0.064,29
2018 04 08,BBC,"RT @BBCSport: Beauty queen ‚úÖ
Commonwealth Games weightlifting silver medallist ‚úÖ

Introducing Sarah Davies...

#GC2018 #bbcgoldcoast https:‚Ä¶",0.5859,0.213,0.787,0.0,30
2018 04 08,BBC,"From Ordeal by Innocence to the return of The Handmaid‚Äôs Tale, here are @BBC_Culture's pick of programmes to watch‚Ä¶ https://t.co/Q6S34uv5LX",0.3818,0.12,0.88,0.0,31
2018 04 08,BBC,"ü¶çüí¨ Not only can Koko the gorilla use sign language, she also appears to have learnt to lie...

https://t.co/xXZwlLDLJh",0.0,0.0,1.0,0.0,32
2018 04 08,BBC,RT @BBCOne: .@johnkrasinski's got MOVES. #TheGrahamNortonShow #TGNS https://t.co/2HUMM0ixEW,0.0,0.0,1.0,0.0,33
2018 04 08,BBC,"Football, volleyball AND martial arts? Ô∏è‚öΩÔ∏èü•ãü§î

Sepak Takraw is the best sport you've never heard of... 

https://t.co/ngTwJHEmrI",0.6369,0.208,0.792,0.0,34
2018 04 08,BBC,üê≥ Meet the gargantuan air freighter that looks like a whale. https://t.co/7DPUt8okKU,0.3612,0.217,0.783,0.0,35
2018 04 07,BBC,‚ù§Ô∏èüé∂ @NiallOfficial's Live Lounge cover of @JuliaMichaels' Issues is just perfect.  https://t.co/XpsnR29hPU,0.5719,0.252,0.748,0.0,36
2018 04 07,BBC,"RT @CBeebiesHQ: Goodnight @ChrisEvans,üåô 

Chris reads Goodnight Goodnight Construction site tonight. üèóÔ∏è 

#BedtimeStory is at 6:50pm üò¥üí§ htt‚Ä¶",0.0,0.0,1.0,0.0,37
2018 04 07,BBC,ü¶Åüò¢ Lions are often poisoned to prevent them attacking livestock. https://t.co/254nhtlMW5,-0.7269,0.072,0.523,0.405,38
2018 04 07,BBC,"üò≤ Some VERY impressive maths here. 
#UniversityChallenge https://t.co/crvQQ5V3Vn",0.6515,0.419,0.581,0.0,39
2018 04 07,BBC,Doctors are finding one way that sugar can benefit your health - it may help heal wounds resistant to antibiotics.‚Ä¶ https://t.co/zI9pN0zSVo,0.6908,0.241,0.759,0.0,40
2018 04 07,BBC,"RT @BBCRadio2: ""The clunk of putting the cassette in, snapping it shut... oh wait I'm going to rewind to get to the start of the song. It's‚Ä¶",0.0,0.0,1.0,0.0,41
2018 04 07,BBC,"üåéüì∏ Our pick of the most striking news photographs taken around the world recently.
üëâ https://t.co/zPpuZq9hOC https://t.co/fYUTrG44Ra",0.0,0.0,1.0,0.0,42
2018 04 07,BBC,How did this new mum survive in the chaos that followed Hurricane Maria? https://t.co/Nx7uFz1k56,-0.5719,0.0,0.778,0.222,43
2018 04 07,BBC,"For Dr Joel Salinas, music creates colours, numbers have personalities and another person's pain feels almost like‚Ä¶ https://t.co/lrGhiKBaGZ",-0.296,0.098,0.748,0.154,44
2018 04 07,BBC,"RT @bbcthree: 94-year-old Judo Jack says: ""Get off your butt and do something."" https://t.co/M9CzCtwSqe",0.0,0.0,1.0,0.0,45
2018 04 07,BBC,RT @BBCR1: It's been one whole year of Sign Of The Times and we need to know whether @Harry_Styles finally let Chris Martin be head of his‚Ä¶,0.0,0.0,1.0,0.0,46
2018 04 07,BBC,"What an inspiration! üí™ 

‚ù§Ô∏è Fraser shed the pounds to pursue his wrestling dream, in memory of his mother. https://t.co/LWmuGo6dTN",0.69,0.251,0.749,0.0,47
2018 04 07,BBC,"RT @BBCSport: It's a historic victory for Uganda! üôå 

Earlier today they recorded their first ever victory at the Commonwealth games with a‚Ä¶",0.0,0.0,1.0,0.0,48
2018 04 07,BBC,üçìüçí Did you know that cherries and strawberries represented the souls of men? Or that a dragonfly could be the devil‚Ä¶ https://t.co/s9rFhv5wlu,0.0,0.0,1.0,0.0,49
2018 04 07,BBC,"Losing your hair whilst going through cancer treatment can be distressing. 

This shop decided to try and do someth‚Ä¶ https://t.co/mcOgFrRtdq",-0.8658,0.0,0.637,0.363,50
2018 04 07,BBC,üóëü§ñ This trash collecting robot can be controlled by anyone via the internet. https://t.co/N2gbeP2nIo,0.0,0.0,1.0,0.0,51
2018 04 07,BBC,"RT @bbcgetinspired: 'Women don't just stay at home and look after the kids, we don't just do dance or gymnastics, we play tennis, football‚Ä¶",0.34,0.094,0.906,0.0,52
2018 04 07,BBC,üòçüêø These baby red squirrels are too cute to handle. https://t.co/d2r7c8EyUh,0.4588,0.231,0.769,0.0,53
2018 04 06,BBC,"RT @bbcmusic: Jade, this was INCREDIBLE üòç
#SoundsLikeFridayNight https://t.co/rSGnYVTFYu",0.0,0.0,1.0,0.0,54
2018 04 06,BBC,ü§î Modern life is a mystery. https://t.co/a4817Iugzz,0.0,0.0,1.0,0.0,55
2018 04 06,BBC,"Tune in to #SLFN tonight for performances from @snowpatrol, @Meghan_Trainor, @yearsandyears and @halsey. üé∂üé§üéâ

Sound‚Ä¶ https://t.co/EFjiBk5upm",0.0,0.0,1.0,0.0,56
2018 04 06,BBC,RT @bbcpointswest: ü§© Prince Harry and Meghan Markle arrive in Bath for the Invictus Games trials ü§© https://t.co/ywlHvaHt2z,0.0,0.0,1.0,0.0,57
2018 04 06,BBC,"üòÇ If you're going to get dumped on TV, it might as well be via @KylieMinogue. 

#TheGNShow | 10.35pm | @BBCOne https://t.co/CgfsjKjeob",-0.1531,0.096,0.78,0.124,58
2018 04 06,BBC,"RT @BBCNewsround: Ever wondered why we cry when we chop onions? Now you'll have no excuse to avoid cooking dinner, sorry! üòÇhttps://t.co/SyX‚Ä¶",-0.7777,0.047,0.621,0.332,59
2018 04 06,BBC,"RT @BBCOne: MY OLD FRIEND.

#OrdealByInnocence #Sunshine https://t.co/vQBvcgLrCe",0.6037,0.36,0.64,0.0,60
2018 04 06,BBC,"üéª Two years ago @ShekuKM won @BBCYoungMus. 
Now he wants to inspire other young people to pick up an instrument too‚Ä¶ https://t.co/fG0F3x2eDN",0.8126,0.28,0.72,0.0,61
2018 04 06,BBC,"RT @bbcgetinspired: She's only 11 years old, but @sport_wales' Anna Hursey is smashing it at #GC2018! üôå 

‚û° https://t.co/9sFYGzsgnQ #GetIns‚Ä¶",0.0,0.0,1.0,0.0,62
2018 04 06,BBC,RT @bbcmusic: Counting down the seconds TBH üíÖ@LittleMix https://t.co/6UTrz9gqQr,0.0,0.0,1.0,0.0,63
2018 04 06,BBC,üçûüçª Hate food waste but love beer? https://t.co/IL9jmlaMjs,0.5499,0.385,0.332,0.282,64
2018 04 06,BBC,"RT @BBCRadio3: ""Stop being so selfish ‚Äì this isn‚Äôt about you."" Harsh words - or tough love?
Zeynep, Jess and Sam discuss one teacher‚Äôs cont‚Ä¶",-0.5849,0.13,0.559,0.31,65
2018 04 06,BBC,"üêò ü¶èü¶íüî≠
Saving animals using space technology. https://t.co/gAwJcD2I2A",0.0,0.0,1.0,0.0,66
2018 04 06,BBC,"üçøüéü From a near-silent horror film to an Australian Western, here are 8 movies worth watching in April. 
üëâ‚Ä¶ https://t.co/b15kbsQ7MD",-0.4215,0.088,0.741,0.171,67
2018 04 06,BBC,RT @BBCOne: For all the drama queens. üëë https://t.co/RfdMDieaCZ,0.0,0.0,1.0,0.0,68
2018 04 06,BBC,üíÉüï∫ Meet the dancers from Lagos who've been tipped for the top by @Rihanna and @NaomiCampbell. https://t.co/3ySZPqcyBr,0.2023,0.101,0.899,0.0,69
2018 04 06,BBC,"RT @BBCSport: Gareth Evans absolutely loved it! üí™ 

This is how it felt to win Wales' first gold! ü•áüè¥Û†ÅßÛ†Å¢Û†Å∑Û†Å¨Û†Å≥Û†Åø

#GC2018 #bbcgoldcoast https://t‚Ä¶",0.8617,0.311,0.689,0.0,70
2018 04 06,BBC,"ü¶Åü¶èüêÜ 
Royal pets are now more synonymous with corgis than wild animals, but historically monarchs would own an array‚Ä¶ https://t.co/5VVyiWHPv1",0.0,0.0,1.0,0.0,71
2018 04 06,BBC,"üòª Say hello to Willow the cheetah! 
#BigCatsAboutTheHouse https://t.co/e9xNVjR0gi",0.0,0.0,1.0,0.0,72
2018 04 06,BBC,RT @BBCSport: It all happened in the weightlifting... #GC2018 https://t.co/s8qnPsuyaz,0.0,0.0,1.0,0.0,73
2018 04 06,BBC,RT @BBCBreakfast: All you need to know about the 'sugar tax' and how your favourite soft drink may change. https://t.co/mjFwTN1UHs,0.0,0.0,1.0,0.0,74
2018 04 06,BBC,RT @bbcpress: üì∏ #FirstLook at Eleanor Tomlinson and Rafe Spall in @BBCOne adaptation of H.G. Wells' #WarOfTheWorlds as filming begins: http‚Ä¶,0.25,0.095,0.905,0.0,75
2018 04 06,BBC,"üò≤üé®üáøüá¶ Hotel or modern art museum?
#AmazingHotels https://t.co/Xbmjzviivh",0.0,0.0,1.0,0.0,76
2018 04 06,BBC,"It might not always feel like it, but psychologist @sapinker is convinced that the world is on the up. https://t.co/a8PrDXjDcL",0.4579,0.154,0.779,0.067,77
2018 04 05,BBC,"'There‚Äôs the England before Stephen, and there‚Äôs the England after Stephen.' 

Stephen: The Murder That Changed a N‚Ä¶ https://t.co/BLynBXYH7I",-0.6908,0.0,0.783,0.217,78
2018 04 05,BBC,"üêÜ Could building walkways in nature help save these big cats?
#BigCatsAboutTheHouse https://t.co/NdkxCDBpee",0.7096,0.371,0.629,0.0,79
2018 04 05,BBC,"üòãüòã Pocket-friendly recipes for two.
üëâ https://t.co/CzuDNQNw3B https://t.co/xbrrmlIgNF",0.0,0.0,1.0,0.0,80
2018 04 05,BBC,"üëÄ From illegal ivory to taxidermy, take a peek inside the banned wildlife room at Heathrow Airport. https://t.co/8yIok0eobX",-0.765,0.0,0.68,0.32,81
2018 04 05,BBC,RT @bbccomedy: Smithy is an irl ray of #sunshine. https://t.co/NgA4t4jZob,0.0,0.0,1.0,0.0,82
2018 04 05,BBC,"RT @BBCTheOneShow: ..@DIYSOS  are building a gym and community area for the Grenfell community, but @MrNickKnowles needs something specific‚Ä¶",0.0,0.0,1.0,0.0,83
2018 04 05,BBC,"RT @bbcmusic: STOP EVERYTHING: @GaryBarlow is coming to Sounds Like Friday Night üôåüí™ 
Don't miss it: 7.30pm, Friday, @BBCOne üí´#SLFN https://‚Ä¶",0.0028,0.159,0.724,0.118,84
2018 04 05,BBC,"RT @BBCOne: You took your sweet time. 

#Poldark #sunshine https://t.co/Ep33Zt5YZi",0.4588,0.25,0.75,0.0,85
2018 04 05,BBC,"It's time society stopped judging black women by their hair, British-Somali artist @blackpowerpufff says.‚Ä¶ https://t.co/lRmAfxmefR",-0.2263,0.0,0.881,0.119,86
2018 04 05,BBC,üìö A biography about conjoined twins from Siam who became US slave-owners + 9 other books to bury your nose in this‚Ä¶ https://t.co/1UfP6LTH0i,0.0,0.0,1.0,0.0,87
2018 04 05,BBC,RT @BBCSport: Scotland's Hannah Miley takes the silver in the women's 400m individual medley! ü•à https://t.co/GrailyYrno #bbcgoldcoast https‚Ä¶,0.0,0.0,1.0,0.0,88
2018 04 05,BBC,üòçüêø A trio of baby red squirrels have been rescued in Perthshire.  https://t.co/d2r7c8EyUh,0.4215,0.203,0.797,0.0,89
2018 04 05,BBC,"RT @BBCBreakfast: Some GOOD plastic news!
Marine conservationists say the 5p carrier bag charge has reduced the amount of single use plasti‚Ä¶",0.6027,0.157,0.843,0.0,90
2018 04 05,BBC,"RT @BBCRadio2: What happens when you put one harp, three fiddles, and the cream of the folk world in one room?

We brought together @elizac‚Ä¶",0.0,0.0,1.0,0.0,91
2018 04 05,BBC,"RT @BBCRadio4: Is @Youtube a form of folk art?
The #Unpopped podcast looks at the rise and dominance of YouTube and YouTubers with @sophieh‚Ä¶",0.2023,0.076,0.924,0.0,92
2018 04 05,BBC,"RT @bbcasiannetwork: üö´It's your last chance to apply for placements at @BBCR1 @1Xtra and Asian Network in our Where It Begins Scheme! üö´
Wha‚Ä¶",0.3164,0.094,0.906,0.0,93
2018 04 05,BBC,"RT @bbcthree: ""Let me guess, your name is Singh?"" and other things not to say to Sikh people. https://t.co/tZLfWssxez",0.0,0.0,1.0,0.0,94
2018 04 05,BBC,"RT @BBCSport: It was a tough day in the office for this Cypriot gymnast.

#bbcgoldcoast #GC2018 https://t.co/Xmt9bgMyeQ",-0.128,0.0,0.909,0.091,95
2018 04 05,BBC,"RT @bbcweather: *Public service announcement*
Ladies and gentlemen DO NOT be alarmed! I've checked through our 'big book of weather', and I‚Ä¶",-0.4003,0.0,0.886,0.114,96
2018 04 05,BBC,"üêê No kidding, goat pilates is a real thing. https://t.co/kmuOKupPwB",-0.2023,0.146,0.625,0.229,97
2018 04 05,BBC,"RT @BBCNewsEnts: Florence + The Machine, @DemiLovato @BastilleDan and @QueensChristine have been added to the line-up for @BBCMusic's Bigge‚Ä¶",0.0,0.0,1.0,0.0,98
2018 04 05,BBC,"üé®üåÜ Monet in the city: A rarely-seen side of the great Impressionist. 
üëâhttps://t.co/IFaHpevPfG https://t.co/E9UwhYfz32",0.7269,0.357,0.643,0.0,99
2018 04 05,BBC,Doctor Kathryn Mannix on why we need to talk about death. https://t.co/TlFgCB78Lm,-0.5994,0.0,0.738,0.262,100
2018 04 09,CBS,Which state does @reba call home and which song was her first No. 1 single? Test your knowledge of the beloved coun‚Ä¶ https://t.co/Sp8icKpFNu,0.2732,0.129,0.784,0.086,1
2018 04 09,CBS,This just in! Thirteen-time ACM Award¬Æ winner @carrieunderwood will be performing her soon-to-be-released single li‚Ä¶ https://t.co/GEyjt4lFbb,0.6239,0.214,0.786,0.0,2
2018 04 09,CBS,It's time to celebrate! @MomCBS will be back for Season 6! https://t.co/ianxp6JWHq,0.6467,0.28,0.72,0.0,3
2018 04 08,CBS,@OldDominion's Matthew Ramsey is here with a friendly reminder - Country Music‚Äôs Party Of The Year¬Æ is just seven d‚Ä¶ https://t.co/SFnXxQLoPN,0.7096,0.258,0.742,0.0,4
2018 04 08,CBS,It all comes down to this! Stream Round 4 of #TheMasters Tournament on CBS live with a free trial of CBS All Access‚Ä¶ https://t.co/mNFSAUkLvZ,0.5562,0.146,0.854,0.0,5
2018 04 08,CBS,"@reba is ready for her hosting duties! In just one week, watch her take the stage at the 53rd #ACMawards. Tune in A‚Ä¶ https://t.co/TmjezmqPme",0.4199,0.108,0.892,0.0,6
2018 04 07,CBS,Watch some of the biggest names in golf compete in one of the greatest tournaments of the year! Stream #TheMasters‚Ä¶ https://t.co/e8kbkSLx5k,0.6696,0.183,0.817,0.0,7
2018 04 07,CBS,Tonight's the night! Here's a behind-the-scenes look at season 2 of @RansomCBS before the big premiere. Tune in at‚Ä¶ https://t.co/WtRHvufO7H,0.0,0.0,1.0,0.0,8
2018 04 07,CBS,What song will @DierksBentley belt out when he takes the stage to perform at the 53rd #ACMawards? Get ready to sing‚Ä¶ https://t.co/oEtKJnKQVn,0.3612,0.106,0.894,0.0,9
2018 04 07,CBS,"@johnlegend, @mirandalambert, @KeshaRose, and more perform @eltonofficial's hit songs! Watch Elton John: I'm Still‚Ä¶ https://t.co/VF3hf8OCT7",0.0,0.0,1.0,0.0,10
2018 04 06,CBS,Ask 53rd ACM Awards¬Æ host @reba a question and she just may answer it on April 11 at 5:30p ET/2:30p PT when she tak‚Ä¶ https://t.co/DAa5gQS8oX,0.0,0.0,1.0,0.0,11
2018 04 06,CBS,What‚Äôs @eltonofficial's birth name and which of his songs holds the record for biggest selling single of all time?‚Ä¶ https://t.co/N5qkMYCE7e,0.0,0.0,1.0,0.0,12
2018 04 06,CBS,Do you have a question for country music legend and host of the 53rd ACM Awards¬Æ @reba? Write it below for a chance‚Ä¶ https://t.co/yVVDVFpxDM,0.0,0.0,1.0,0.0,13
2018 04 05,CBS,How well do you know The Academy of Country Music Awards‚Ñ¢? Test your knowledge of Country Music‚Äôs Party of the Year‚Ä¶ https://t.co/lfWAcvAbZa,0.5859,0.194,0.806,0.0,14
2018 04 05,CBS,"RT @CodeBlackCBS: The intensity and emotions of your favorite show are returning to @CBS in 3 weeks.

Get excited. https://t.co/aGUNIPwRjh",0.6597,0.241,0.759,0.0,15
2018 04 05,CBS,"Don't miss @littlebigtown's amazing performance of @eltonofficial's ""Rocket Man"" under the big spotlight at Elton J‚Ä¶ https://t.co/bqse7nhkV3",-0.3875,0.074,0.769,0.157,16
2018 04 04,CBS,Today's biggest stars are celebrating @EltonJohn's most beloved and legendary catalogue of hits with two albums dro‚Ä¶ https://t.co/cilUdkKtjQ,0.807,0.313,0.687,0.0,17
2018 04 04,CBS,"RT @LifeInPiecesCBS: We ""literally can't even"" with how hilarious these #LifeInPieces outtakes are! üòÇ

Introducing Laughing To Pieces! Foll‚Ä¶",0.7568,0.288,0.712,0.0,18
2018 04 04,CBS,"RT @YoungSheldon: Don't miss guest star @Followtheblonde in tomorrow's all-new #YoungSheldon! Trust us, you're going to love every minute.‚Ä¶",0.8495,0.366,0.634,0.0,19
2018 04 04,CBS,RT @MomCBS: Tomorrow's episode of #Mom is going to be a doggone good one! https://t.co/e1WI3uOxVg,0.4926,0.197,0.803,0.0,20
2018 04 04,CBS,RT @survivorcbs: There's a lot at stake when competing for actual steak. Get a glimpse at an all-new #Survivor: Ghost Island at 8/7c on CBS‚Ä¶,-0.3182,0.0,0.905,0.095,21
2018 04 04,CBS,RT @TVLine: #LifeInPieces Sneak Peek: Sophia and Her Stuffed Toys Stage a Musical¬†Protest https://t.co/r16SLZlZPc,-0.25,0.0,0.867,0.133,22
2018 04 03,CBS,Whose catchy tune will take Song Of The Year at the 53rd #ACMawards? Give it up for the four nominees -‚Ä¶ https://t.co/R9MtUNZtsw,0.0,0.0,1.0,0.0,23
2018 04 03,CBS,"Here's everything you need to know before tuning into Elton John: I'm Still Standing - A GRAMMY¬Æ Salute on Tuesday,‚Ä¶ https://t.co/C8fiKl4j98",0.0,0.0,1.0,0.0,24
2018 04 03,CBS,"In just one week, @eltonofficial and today's hottest stars in music will join together to celebrate Elton's countle‚Ä¶ https://t.co/ACQGHNWz8u",0.7096,0.258,0.742,0.0,25
2018 04 03,CBS,Tonight we #LightItUpBlue for greater understanding and acceptance. CBS supports #WorldAutismAwarenessDay by lighti‚Ä¶ https://t.co/hBAXcDvP4r,0.7906,0.421,0.579,0.0,26
2018 04 02,CBS,No one does it quite like @eltonofficial. The artist himself will belt out some of his chart-topping hits on Elton‚Ä¶ https://t.co/ckY4bUvTXI,0.1513,0.116,0.792,0.092,27
2018 04 01,CBS,The Las Vegas strip is about to light up brighter than ever before when Country Music‚Äôs Party Of The Year¬Æ takes ov‚Ä¶ https://t.co/j1A2ZVHAoO,0.6486,0.202,0.798,0.0,28
2018 03 31,CBS,"‚ÄúIf you don‚Äôt do something about it, then who are you? ‚Ä¶ It can happen to anyone.‚Äù - @aplusk 

Tonight at 10/9c, a‚Ä¶ https://t.co/EQabNc1UZI",0.0,0.0,1.0,0.0,29
2018 03 31,CBS,Give it up for @KelseaBallerini! This star is one of the Female Vocalist Of The Year nominees and she's ready to ta‚Ä¶ https://t.co/wLyHwkEGs2,0.4199,0.113,0.887,0.0,30
2018 03 30,CBS,Take and post a photo of the woman in your life who inspires you! The photo should only have one person against a n‚Ä¶ https://t.co/BHdxXlWfKP,0.4926,0.127,0.873,0.0,31
2018 03 29,CBS,"Expect epic performances by @kanebrown , @kelly_clarkson, @OfficialJackson, and more at this year's 53rd #ACMawards‚Ä¶ https://t.co/3yso7Z0cjv",0.0,0.0,1.0,0.0,32
2018 03 29,CBS,"Will @HIGHVALLEY, @LancoMusic, @LOCASHmusic, @MidlandOfficial, or @runawayjune be named New Vocal Duo Or Group Of T‚Ä¶ https://t.co/v0QIPLC47R",0.0,0.0,1.0,0.0,33
2018 03 27,CBS,Count on Entertainer Of The Year nominee @LukeBryanOnline to crash the party with an epic performance at the 53rd‚Ä¶ https://t.co/27ua60HTqu,0.3818,0.212,0.68,0.108,34
2018 03 27,CBS,Join @eltonofficial and some of today's hottest names in music when they take the stage to perform his most memorab‚Ä¶ https://t.co/jz0jaShZIj,0.296,0.099,0.901,0.0,35
2018 03 26,CBS,"RT @ACMawards: The ACM for New Vocal Group of the Year goes to @MidlandOfficial! And yes, that really was @Reba on the phone! #ACMawards ht‚Ä¶",0.508,0.12,0.88,0.0,36
2018 03 26,CBS,"RT @ACMawards: In case you didn‚Äôt know, the ACM for New Male Vocalist of the Year goes to @BrettYoungMusic. Check out his reaction when @Re‚Ä¶",0.0,0.0,1.0,0.0,37
2018 03 26,CBS,RT @ACMawards: Over the weekend @Reba called the ACM New Artist of the Year winners to let them know they had won! Let‚Äôs just say our New F‚Ä¶,0.7959,0.214,0.786,0.0,38
2018 03 26,CBS,"Congratulations to the 53rd #ACMawards New Artist winners @Lauren_Alaina, @MidlandOfficial, and @BrettYoungMusic! W‚Ä¶ https://t.co/Fr8H4arwGj",0.807,0.378,0.622,0.0,39
2018 03 25,CBS,New start times in East/Central Time Zones #60Minutes 7:35ET/6:35CT #Instinct  8:35ET/7:35CT #NCISLA 9:35ET/8:35CT‚Ä¶ https://t.co/8W5hAeLrvs,0.0,0.0,1.0,0.0,40
2018 03 25,CBS,Don‚Äôt miss a minute of the action. Stream the¬†Elite Eight¬Æ¬†games LIVE today starting at 2PM ET with a FREE trial of‚Ä¶ https://t.co/8NwU8HdiHR,0.5319,0.157,0.78,0.062,41
2018 03 24,CBS,RT @MomCBS: That's a wrap on the #Mom panel at #PaleyFest! Thanks for following along! https://t.co/we4JgqPt6P,0.5399,0.199,0.801,0.0,42
2018 03 24,CBS,RT @MomCBS: A fan just commented that #Mom helped bring him out of a deep depression. üíúüíúüíú #PaleyFest,-0.34,0.115,0.7,0.185,43
2018 03 24,CBS,"RT @MomCBS: ""Go out for it anyway. If you're good for the role, you're good for the role."" @theJaimePressly's advice for aspiring actors wi‚Ä¶",0.7003,0.209,0.791,0.0,44
2018 03 24,CBS,RT @MomCBS: Mom Co-Creator @GemmaRBaker just pointed out her own #Mom in the audience at #PaleyFest! üíú,0.0,0.0,1.0,0.0,45
2018 03 24,CBS,"RT @MomCBS: ""I'm not someone in recovery who goes to AA, but I have taken so much away from it...to take one day at a time."" - @theJaimePre‚Ä¶",0.0,0.0,1.0,0.0,46
2018 03 24,CBS,"RT @MomCBS: ""You get to appreciate working with such talented people."" - @AnnaKFaris #Mom #PaleyFest",0.7184,0.333,0.667,0.0,47
2018 03 24,CBS,RT @MomCBS: ‚ÄúI love this job. I love working with these women. I love working in front of the live audience‚Ä¶ It‚Äôs alive and it‚Äôs fun.‚Äù - @A‚Ä¶,0.9451,0.42,0.58,0.0,48
2018 03 24,CBS,"Get on your feet for @Jason_Aldean, @ThomasRhett, @ChrisStapleton, @KeithUrban, and @ChrisYoungMusic, the five nomi‚Ä¶ https://t.co/oT5ogjdj4x",0.0,0.0,1.0,0.0,49
2018 03 23,CBS,Get ready for some sweet games! Stream #5 Clemson vs #1 Kansas LIVE at 7PM ET and #11 Syracuse vs #2 Duke LIVE at 9‚Ä¶ https://t.co/4WstgrKNnW,0.6996,0.194,0.806,0.0,50
2018 03 23,CBS,RT @SEALTeamCBS: In honor of #NationalPuppyDay... üòç #SEALTeam https://t.co/4mIZPpiRlU,0.4939,0.314,0.686,0.0,51
2018 03 23,CBS,"RT @HawaiiFive0CBS: Nothing like a man and his dog! üòçüê∂ Happy #NationalPuppyDay to Eddie, the best pup on the Five-0 Task Force! #H50 https:‚Ä¶",0.8997,0.355,0.645,0.0,52
2018 03 22,CBS,Game on! 16 teams left and the race to the finish continues tonight. Stream #11 Loyola-Chicago vs #7 Nevada LIVE at‚Ä¶ https://t.co/W374rmzzoC,0.0,0.0,1.0,0.0,53
2018 03 22,CBS,Save the date! These are season finales you do NOT want to miss. RT if you're excited! https://t.co/UUQoWsPPSh https://t.co/cDl4WmxMtU,0.7081,0.311,0.623,0.066,54
2018 03 22,CBS,Congratulations to all of the @CBSDaytime nominees for the #DaytimeEmmys! See the full list of #DaytimeEmmy nominee‚Ä¶ https://t.co/ivJVJWvfsf,0.636,0.198,0.802,0.0,55
2018 03 21,CBS,Female Vocalist Of The Year nominee @MarenMorris will show her fans how it‚Äôs done when she takes the stage to showc‚Ä¶ https://t.co/PITjmAoFT8,0.0,0.0,1.0,0.0,56
2018 03 20,CBS,The legendary @Reba returns to host the 53rd #ACMawards and she‚Äôs proving just how comfortable she is behind the mi‚Ä¶ https://t.co/XPXcSPRXqC,0.5106,0.142,0.858,0.0,57
2018 03 20,CBS,RT @nancyodell: Told my daughter I'd be presenting at @ACMawards again this year. (Woot woot!We both luv country music!)She took this pic o‚Ä¶,0.0,0.0,1.0,0.0,58
2018 03 20,CBS,RT @ladyantebellum: Ecstatic to announce we'll be performing at the #ACMawards in Las Vegas again this year! https://t.co/Qfhs94j6FR,0.5562,0.174,0.826,0.0,59
2018 03 20,CBS,"Country superstars @kennychesney, @ladyantebellum, @blakeshelton, and @KeithUrban have just been added to the stell‚Ä¶ https://t.co/bJ4If7MacP",0.0,0.0,1.0,0.0,60
2018 03 19,CBS,"RT @YandR_CBS: Forever evolving, Forever inspiring, Forever Young and Restless. ‚ù§Ô∏è Get ready to celebrate 45 years of #YR starting in just‚Ä¶",0.7845,0.309,0.619,0.072,61
2018 03 18,CBS,New start times in East/Central Time Zones: #60Minutes 7:37ET/6:37CT #Instinct series premiere 8:37ET/7:37CT‚Ä¶ https://t.co/xT3YKqmu2M,0.0,0.0,1.0,0.0,62
2018 03 18,CBS,Spend your Sunday streaming Second Round games LIVE with a FREE trial of CBS All Access! https://t.co/3P85rXLy4b https://t.co/zbWfirD9Ju,0.6514,0.213,0.787,0.0,63
2018 03 18,CBS,"RT @instinctcbs: TONIGHT, Dr. Dylan Reinhart rewrites the book on abnormal behavior. Don't miss the premiere of #Instinct at 8/7c! https://‚Ä¶",0.1867,0.08,0.92,0.0,64
2018 03 17,CBS,"If any duo knows how to rock the stage, it's @FLAGALine. The Vocal Duo Of The Year nominee will perform live at the‚Ä¶ https://t.co/FknabB8NQp",0.0,0.0,1.0,0.0,65
2018 03 17,CBS,How is your bracket looking after last night? Stream Second Round games LIVE today with a FREE trial of CBS All Acc‚Ä¶ https://t.co/25JlIpgwog,0.6166,0.161,0.839,0.0,66
2018 03 17,CBS,Where better to spend #StPatricksDay than the place everybody knows your name? It‚Äôs just your luck that every singl‚Ä¶ https://t.co/Fom5wmdENL,0.7096,0.247,0.753,0.0,67
2018 03 16,CBS,Stars @JakeMcDorman and Nik Dodani will join the cast in the upcoming revival of Murphy Brown coming to CBS.‚Ä¶ https://t.co/JCAx29lo0i,0.296,0.104,0.896,0.0,68
2018 03 16,CBS,"RT @thegoodfight: Go behind the scenes with costume designer @DanLawsonStyle in ""Behind The Style,"" a new weekly video series all about the‚Ä¶",0.0,0.0,1.0,0.0,69
2018 03 16,CBS,The games have just begun! Continue to stream First Round games LIVE today with a FREE trial of CBS All Access:‚Ä¶ https://t.co/YTGsJ48zYP,0.6514,0.178,0.822,0.0,70
2018 03 15,CBS,"RT @TheTalkCBS: You asked, we answered! The fun never ends when the ladies #KeepTalking and answer your fan questions üó£üí¨‚û°Ô∏è https://t.co/ie1‚Ä¶",0.7088,0.237,0.763,0.0,71
2018 03 15,CBS,RT @instinctcbs: Dr. Dylan Reinhart is lured back into the field from his life of quiet academia when a certain serial killer makes things‚Ä¶,-0.4939,0.077,0.766,0.157,72
2018 03 15,CBS,Stream First Round games LIVE today starting at 12PM ET with a FREE trial of CBS All Access! https://t.co/3P85rXLy4b https://t.co/vZow3YD8cb,0.6514,0.194,0.806,0.0,73
2018 03 15,CBS,RT @CBSSports: It's the most wonderful time of the year. #MarchMadness https://t.co/e4c9qohqSR,0.6115,0.266,0.734,0.0,74
2018 03 14,CBS,"Give these ladies some love! @Lauren_Alaina, @DBradbery, @carlypearce, and @RaeLynn are nominated for New Female Vo‚Ä¶ https://t.co/IVhwURfJ3S",0.6696,0.219,0.781,0.0,75
2018 03 13,CBS,"RT @ManWithAPlan: Hungry for more #ManWithAPlan bloopers and behind-the-scenes videos featuring cast like @matt_leblanc, @thelizasnyder, @k‚Ä¶",0.3612,0.143,0.857,0.0,76
2018 03 13,CBS,"Music stars @MileyCyrus, @edsheeran, @ladygaga, and more will honor the legendary @eltonofficial and his hit songs‚Ä¶ https://t.co/UzxARCCLnI",0.539,0.179,0.821,0.0,77
2018 03 12,CBS,RT @thegoodfight: The verdict is in. The new season of #TheGoodFight is üî•üî•üî•! Stream it now on CBS All Access: https://t.co/FkYSNSXlRb https‚Ä¶,0.2244,0.083,0.917,0.0,78
2018 03 12,CBS,"RT @MadamSecretary: In less than an hour, #MadamSecretary's Keith Carradine will be taking over the @MadamSecretary Twitter page! Tweet alo‚Ä¶",0.0,0.0,1.0,0.0,79
2018 03 09,CBS,RT @DierksBentley: Take and post a photo of the woman in your life who inspires you daily! Use the hashtag #WomanAmenACM in your post for a‚Ä¶,0.4926,0.117,0.883,0.0,80
2018 03 09,CBS,"RT @MomCBS: If you missed guest star @KChenoweth in the latest episode of #Mom, not to worry! Watch now: https://t.co/RlvXoGOZ0l https://t.‚Ä¶",0.1275,0.113,0.795,0.092,81
2018 03 09,CBS,"Give a round of applause to @KelseaBallerini, @MirandaLambert, @Reba, @MarenMorris, and @CarrieUnderwood, the five‚Ä¶ https://t.co/Ncp1BTXx6N",0.4215,0.177,0.823,0.0,82
2018 03 09,CBS,"RT @thegoodfight: Smart, sexy, and sophisticated. See what's coming this season on #TheGoodFight. https://t.co/CuKhx2G50P https://t.co/ygTI‚Ä¶",0.8658,0.447,0.553,0.0,83
2018 03 09,CBS,RT @BlueBloods_CBS: Even stand-up guys fall down sometimes. #BlueBloods is new tonight at 10/9c! https://t.co/UOlDm22wWW,0.0,0.0,1.0,0.0,84
2018 03 08,CBS,Today and every day we celebrate the women in our lives who empower and inspire us. Share a story about an¬†influent‚Ä¶ https://t.co/9rVtqrElvT,0.8625,0.336,0.664,0.0,85
2018 03 08,CBS,Take and post a photo of the woman in your life who inspires you daily! Use the hashtag #WomanAmenACM in your post‚Ä¶ https://t.co/7ShhvE48zy,0.4926,0.132,0.868,0.0,86
2018 03 07,CBS,"RT @thegoodfight: Meticulously constructed. Soapy &amp; sexy. Intoxicating, savage television. üî• Here's what critics are saying about #TheGoodF‚Ä¶",-0.2023,0.15,0.619,0.23,87
2018 03 07,CBS,"This just in! @Jason_Aldean, @mirandalambert, @LukeBryanOnline, and many more are set to perform at the 53rd Academ‚Ä¶ https://t.co/mfxw2VxzU4",0.0,0.0,1.0,0.0,88
2018 03 06,CBS,"Meet the ensemble of talented actors slated to join $1, a new mystery series coming to CBS All Access:‚Ä¶ https://t.co/QoyYv7vxwg",0.6705,0.244,0.756,0.0,89
2018 03 05,CBS,"Will @Jason_Aldean, @garthbrooks, @LukeBryanOnline, @ChrisStapleton, or @KeithUrban be named Entertainer Of The Yea‚Ä¶ https://t.co/rMD8zjeX3s",0.3818,0.167,0.833,0.0,90
2018 03 04,CBS,"RT @thegoodfight: It feels good to be back. üë†üíÑüî• The season 2 premiere of #TheGoodFight is now streaming, exclusively on CBS All Access: htt‚Ä¶",0.4404,0.116,0.884,0.0,91
2018 03 03,CBS,"RT @thegoodfight: Tomorrow, #TheGoodFight is back. Stream the season 2 premiere only on CBS All Access: https://t.co/tNFR8LBJO2 https://t.c‚Ä¶",0.0,0.0,1.0,0.0,92
2018 03 02,CBS,"Who are the trailblazing women in your life that inspire you? Join CBS and the ANA's #SeeHer initiative, celebratin‚Ä¶ https://t.co/M0KqZ41Bes",0.7096,0.247,0.753,0.0,93
2018 03 02,CBS,"Join @maria_bello, @aishatyler and @TeaLeoni in celebrating the accomplishments of women who have contributed to th‚Ä¶ https://t.co/MefESBeFL3",0.7096,0.282,0.718,0.0,94
2018 03 02,CBS,"In honor of Women's History Month, CBS and the Association of National Advertisers' (ANA) #SeeHer initiative will p‚Ä¶ https://t.co/2wtYxKJVuO",0.4939,0.151,0.849,0.0,95
2018 03 01,CBS,RT @ZoeListerJones: Tonight‚Äôs an all new Life In Pieces and it‚Äôs directed by my ride or die @nataliaanderson!!!‚Ä¶ https://t.co/2LPfmyLWrY,-0.6981,0.0,0.79,0.21,96
2018 03 01,CBS,"RT @MarenMorris: Hot damn! Woke up from my post-wisdom teeth haze to find out I‚Äôm up for 4 @ACMawards ! So honored, especially for the Dear‚Ä¶",0.4547,0.159,0.749,0.092,97
2018 03 01,CBS,RT @KelseaBallerini: Ohhhhh goodness. Incredible. Thank you thank you thank you. #female https://t.co/1ZTYjNfQeF,0.8591,0.538,0.462,0.0,98
2018 03 01,CBS,RT @KeithUrban: ACMs...... HOLY SMOKES!!!!! MAD LOVE TO U ALL THIS MORNING  FOR THESE INCREDIBLE NOMINATIONS. I‚ÄôM EXTREMELY GRATEFUL!!!!!!!‚Ä¶,0.4885,0.234,0.615,0.151,99
2018 03 01,CBS,"RT @ACMawards: Congratulations to this year‚Äôs #ACMawards Video of the Year nominees:
‚ÄúBlack‚Äù - @DierksBentley
‚ÄúIt Ain‚Äôt My Fault‚Äù - @Brothe‚Ä¶",0.5994,0.178,0.822,0.0,100
2018 04 09,CNN,What cities and states are doing about guns since the Parkland shooting https://t.co/vngGcWVQF7 https://t.co/9chaUhwhAl,0.0,0.0,1.0,0.0,1
2018 04 09,CNN,The FDA worried this drug was risky. Now doctors are concerned about the report of more than 700 deaths in the less‚Ä¶ https://t.co/esK5Q2wVDM,-0.4588,0.0,0.84,0.16,2
2018 04 09,CNN,People from both Canada and the United States are sharing photos of hockey sticks left on porches as a tribute to p‚Ä¶ https://t.co/ubUTEoRBxU,0.6808,0.219,0.781,0.0,3
2018 04 09,CNN,"A disaster was narrowly averted in eastern India on Saturday after a runaway train carrying up to 1,000 passengers‚Ä¶ https://t.co/3DeQiqTNRR",-0.6597,0.0,0.748,0.252,4
2018 04 09,CNN,Prince Harry and Meghan Markle are asking people who wish to send them a wedding gift to consider donating to one o‚Ä¶ https://t.co/BOh2wHicgI,0.6808,0.219,0.781,0.0,5
2018 04 09,CNN,"When it comes to Syria, President Trump can tweet and launch strikes if he wants, but not much else | Analysis by‚Ä¶ https://t.co/q5wp5kGq43",-0.1901,0.0,0.923,0.077,6
2018 04 09,CNN,"RT @cnni: Two of the most wanted fighters from the British ISIS cell called ""the Beatles"" spoke with @npwcnn from inside the detention faci‚Ä¶",-0.4549,0.0,0.847,0.153,7
2018 04 09,CNN,"As images of Syrian children gasping and convulsing spread around the world, President Trump and other internationa‚Ä¶ https://t.co/QFqM3UzVxs",0.0,0.0,1.0,0.0,8
2018 04 09,CNN,Life coach Tony Robbins apologized for his comments about the #MeToo movement after suggesting during a March event‚Ä¶ https://t.co/U0Ln3fjW8v,0.3182,0.119,0.881,0.0,9
2018 04 09,CNN,From political refugee to CEO: How Geisha Williams made history by becoming the first Latina CEO of a Fortune 500 C‚Ä¶ https://t.co/v9AAlj9mmM,0.0,0.0,1.0,0.0,10
2018 04 09,CNN,Defense Secretary James Mattis on the possibility of launching airstrikes against Syrian President Bashar al-Assad'‚Ä¶ https://t.co/4Oi2LTEfJ4,0.128,0.091,0.909,0.0,11
2018 04 09,CNN,"""Black Panther"" passes ""Titanic"" at the box office on the all-time list of highest grossing films‚Ä¶ https://t.co/Lf9lIVteVA",-0.0772,0.0,0.925,0.075,12
2018 04 09,CNN,Attorney General Jeff Sessions just made the opioid war harder to win | via @CNNopinion https://t.co/eO2ZYGLkm8 https://t.co/5ZmHgOzoz7,-0.0258,0.175,0.645,0.18,13
2018 04 09,CNN,"A disaster was narrowly averted in eastern India after a runaway train carrying up to 1,000 passengers rolled with‚Ä¶ https://t.co/lGO0pA0YRX",-0.6597,0.0,0.748,0.252,14
2018 04 09,CNN,"Syria and it most powerful ally, Russia, blamed Israel for striking an airbase in the war-torn country on Monday, f‚Ä¶ https://t.co/dU3bFRhJlV",-0.0018,0.123,0.754,0.123,15
2018 04 09,CNN,Stormy Daniels' legal team plans to release a composite sketch of the man the porn star says threatened her in 2011‚Ä¶ https://t.co/Rbmaf5sW4J,-0.3612,0.064,0.809,0.128,16
2018 04 09,CNN,"Florida Republican Gov. Rick Scott says he's running for the US Senate, setting up a serious challenge to the state‚Ä¶ https://t.co/9oHrPWsZw6",0.0,0.063,0.874,0.063,17
2018 04 09,CNN,Beyond Tokyo: 8 of Japan's best foodie destinations https://t.co/0vjI9pVzDK via @CNNTravel https://t.co/MPo2WPjbfX,0.6369,0.296,0.704,0.0,18
2018 04 09,CNN,Pope Francis says helping the poor and migrants is as important as opposing abortion https://t.co/XHbOXLchua https://t.co/XXBefmOdcn,-0.0258,0.199,0.647,0.154,19
2018 04 09,CNN,Russia's Defense Ministry has claimed that Israel was behind a series of strikes on an airbase in central Syria on‚Ä¶ https://t.co/IrPIXbxHUd,-0.25,0.068,0.818,0.114,20
2018 04 09,CNN,"Donald Trump always strives to command center stage, but the US President is now embroiled in so many escalating gl‚Ä¶ https://t.co/2yZT9mnSSF",0.0,0.0,1.0,0.0,21
2018 04 09,CNN,"Deutsche Bank, Germany's biggest lender, is getting rid of its CEO after years of heavy losses.‚Ä¶ https://t.co/O1UvpLNxyz",0.0,0.0,1.0,0.0,22
2018 04 09,CNN,4 questions Congress must ask Facebook CEO Mark Zuckerberg https://t.co/5PaplSDYRt https://t.co/TPsfQPpUKu,0.0,0.0,1.0,0.0,23
2018 04 09,CNN,"Two of the most wanted fighters from the British ISIS cell known as ""the Beatles"" have called some of the group's a‚Ä¶ https://t.co/ErTHLwtmHe",-0.1226,0.0,0.937,0.063,24
2018 04 09,CNN,"Facebook CEO Mark Zuckerberg is on Capitol Hill today to meet with lawmakers, including members of committees holdi‚Ä¶ https://t.co/TEjSDM8O0O",0.0,0.0,1.0,0.0,25
2018 04 09,CNN,"New York Times top editor on journalism's ""biggest crisis"" https://t.co/YZqAM2JZ2X https://t.co/aGlBwRjZrc",-0.5106,0.121,0.604,0.275,26
2018 04 09,CNN,What cities and states are doing about guns since the Parkland shooting https://t.co/x2gNmQqcvg https://t.co/q70mtKVUqn,0.0,0.0,1.0,0.0,27
2018 04 09,CNN,Designing for hedonists: The evolution of nightclub interiors https://t.co/PJKGBCwL2b via @CNNStyle https://t.co/osJPpj5Jlo,0.0,0.0,1.0,0.0,28
2018 04 09,CNN,"A disaster was narrowly averted in eastern India on Saturday after a runaway train carrying up to 1,000 passengers‚Ä¶ https://t.co/VGZeMMBqZ9",-0.6597,0.0,0.748,0.252,29
2018 04 09,CNN,"How President Trump might counter ""Animal Assad"" https://t.co/1UCL0ugNRt | via @CNNOpinion https://t.co/6Vxl00eqbc",0.0,0.0,1.0,0.0,30
2018 04 09,CNN,16-year-old breaks Commonwealth Games record to win shooting gold for India https://t.co/ckEnqdDG2p https://t.co/Y7CYQy1zrp,0.5859,0.241,0.759,0.0,31
2018 04 09,CNN,Here's everything you need to know about the US-China trade battle https://t.co/qfAXCtoeph https://t.co/qc6MwmahAG,-0.3818,0.0,0.822,0.178,32
2018 04 09,CNN,"Oklahoma teachers will continue their walkout for a sixth day today, maintaining their pressure on state legislator‚Ä¶ https://t.co/FdYFsxlo0U",-0.5423,0.0,0.769,0.231,33
2018 04 09,CNN,"Lightning strike kills 1, injures 4 in Florida https://t.co/iDZeD9keEh https://t.co/MnHKWwyfzB",-0.6124,0.0,0.583,0.417,34
2018 04 09,CNN,Atlanta is the world's busiest airport for another year. Here's the rest of the list: https://t.co/qy5qAnTwjG,0.0,0.0,1.0,0.0,35
2018 04 09,CNN,"As images of Syrian children gasping and convulsing spread around the world, President Trump and other internationa‚Ä¶ https://t.co/4UF8wtRLft",0.0,0.0,1.0,0.0,36
2018 04 09,CNN,"RT @NewDay: ""They're really very ordinary,"" says @npwcnn of British ISIS terrorists called ""the Beatles.""

""Unextraordinary people to some‚Ä¶",-0.6249,0.0,0.814,0.186,37
2018 04 09,CNN,"Two of the most wanted fighters from the British ISIS cell called ""the Beatles"" have called some of the group's act‚Ä¶ https://t.co/TJ5ez1pFVh",-0.1226,0.0,0.934,0.066,38
2018 04 09,CNN,US military resumes air operations in Djibouti https://t.co/tb7GCGzpIl https://t.co/dMKZRtdHaw,0.0,0.0,1.0,0.0,39
2018 04 09,CNN,Ferrari mechanic suffers a broken leg after being hit by a car during a pit stop at the Bahrain Grand Prix https://t.co/Hz9pxAiJFO,-0.6597,0.114,0.568,0.318,40
2018 04 09,CNN,Life coach Tony Robbins apologized for his comments about the #MeToo movement after suggesting during a March event‚Ä¶ https://t.co/iWTVDtKsqB,0.3182,0.119,0.881,0.0,41
2018 04 09,CNN,Advocacy groups claim YouTube illegally collects data from kids https://t.co/cekqlCi0z1 https://t.co/zjlS4plfp6,0.0,0.0,1.0,0.0,42
2018 04 09,CNN,The FDA worried this drug was risky. Now doctors are concerned about the report of more than 700 deaths in the less‚Ä¶ https://t.co/7v8OKBAdFh,-0.4588,0.0,0.84,0.16,43
2018 04 09,CNN,Cambridge Analytica whistleblower says data could've come from more than 87 million users and be stored in Russia‚Ä¶ https://t.co/Ul43cBSA1l,0.0,0.0,1.0,0.0,44
2018 04 09,CNN,"5 things for Monday:

- Syria
- Alaska 'bathroom bill'
- Hungary election
- Canada bus crash
- Tony Robbins and‚Ä¶ https://t.co/4MGWimP6ee",-0.4019,0.0,0.847,0.153,45
2018 04 09,CNN,Army identifies two soldiers killed in Kentucky helicopter crash https://t.co/Dqje3GDcLG https://t.co/rXwFCMGiXH,-0.802,0.0,0.556,0.444,46
2018 04 09,CNN,Syria attack response looms over John Bolton's first week as national security adviser https://t.co/iqhidMOnZO https://t.co/YKp7r5Vlt0,-0.3182,0.126,0.628,0.246,47
2018 04 09,CNN,"When Congress returns Monday from a two-week recess, all eyes will be on Facebook CEO Mark Zuckerberg as he takes t‚Ä¶ https://t.co/rvKkEqwlqD",0.0,0.0,1.0,0.0,48
2018 04 09,CNN,"A year after the US attacked Syria, what's changed? https://t.co/fD4i63D5cc https://t.co/T2skoyLYDv",-0.4588,0.0,0.75,0.25,49
2018 04 09,CNN,Should Democrats worry that a blue wave is being treated like a sure thing? | Analysis by @zbyronwolf¬†‚Ä¶ https://t.co/ic7X2vHlwu,0.2263,0.232,0.628,0.14,50
2018 04 09,CNN,"Muenster van attack driver acted alone, police say https://t.co/0ImvR5IoMW https://t.co/BweBbbfH2O",-0.6249,0.0,0.611,0.389,51
2018 04 09,CNN,Bill Cosby's retrial begins in Pennsylvania today -- the first time the comedian's case returns to court since the‚Ä¶ https://t.co/mKOcWGBE5R,0.0,0.0,1.0,0.0,52
2018 04 09,CNN,"Republican Sen. John McCain says President Trump ""emboldened"" Syrian leader Bashar al-Assad with comments on US wit‚Ä¶ https://t.co/2Dm4Cpqyla",0.0,0.0,1.0,0.0,53
2018 04 09,CNN,"New Trump adviser is ""not much of a carrot man"" https://t.co/5yAePVYewm | via @CNNopinion https://t.co/Cib9B7ZUTl",0.0,0.0,1.0,0.0,54
2018 04 09,CNN,Several cities and states have taken matters into their own hands on gun regulation since the February 14 Parkland‚Ä¶ https://t.co/f9mmASATVg,-0.3182,0.051,0.837,0.112,55
2018 04 09,CNN,New details about the birth of the third child of the Duke and Duchess of Cambridge have been revealed by Kensingto‚Ä¶ https://t.co/A6r1pHeuqm,0.0,0.0,1.0,0.0,56
2018 04 09,CNN,"Ad boycott continues, but Laura Ingraham is coming back https://t.co/A9aXH4c6Tb https://t.co/KBp3OW1IMd",-0.1655,0.0,0.858,0.142,57
2018 04 09,CNN,"The US denied attacking a Syrian airfield on Sunday, hours after President Donald Trump tweeted ""Animal Assad"" woul‚Ä¶ https://t.co/KAoUrZQTf4",-0.7096,0.0,0.731,0.269,58
2018 04 09,CNN,Jimmy Kimmel apologizes for jabs at Fox News host Sean Hannity https://t.co/fZDKYMkN5H https://t.co/WWKAqAwmj3,0.3612,0.172,0.828,0.0,59
2018 04 09,CNN,"Stormy Daniels' attorney has once again filed a motion to depose President Donald Trump and his lawyer, Michael Coh‚Ä¶ https://t.co/NjypxY1Pex",0.0,0.0,1.0,0.0,60
2018 04 09,CNN,"Are you one of the 87 million Facebook users affected by the Cambridge Analytica data breach?

CNN wants to hear fr‚Ä¶ https://t.co/ceSEBdQnht",-0.1531,0.0,0.929,0.071,61
2018 04 09,CNN,"""A Quiet Place"" leads box office as horror keeps making noise https://t.co/gEzgD5vtI4 https://t.co/Cdq3ZTV6jE",-0.5719,0.0,0.764,0.236,62
2018 04 09,CNN,Russia's Defense Ministry has claimed that Israel was behind a series of strikes on an airbase in central Syria on‚Ä¶ https://t.co/n3Xv9yvPZ8,-0.25,0.068,0.818,0.114,63
2018 04 09,CNN,"Oklahoma teachers to continue their walkout for a sixth day, maintaining their pressure on state legislators for in‚Ä¶ https://t.co/QClmRnFGPP",-0.5423,0.0,0.78,0.22,64
2018 04 09,CNN,Ferrari mechanic suffers a broken leg after being hit by a car during a pit stop at the Bahrain Grand Prix https://t.co/dolD3bQW65,-0.6597,0.114,0.568,0.318,65
2018 04 09,CNN,New details about the birth of the third child of the Duke and Duchess of Cambridge have been revealed by Kensingto‚Ä¶ https://t.co/HIZw9JEsqf,0.0,0.0,1.0,0.0,66
2018 04 09,CNN,"Two of the most wanted fighters from the British ISIS cell known as ""the Beatles"" have called some of the group's a‚Ä¶ https://t.co/4ZAF4Buuje",-0.1226,0.0,0.937,0.063,67
2018 04 09,CNN,Several cities and states have taken matters into their own hands on gun regulation since the February 14 Parkland‚Ä¶ https://t.co/qkxc9sCfrk,-0.3182,0.051,0.837,0.112,68
2018 04 09,CNN,Atlanta is the world's busiest airport for another year. Here's the rest of the list: https://t.co/kaAwtr1PRg,0.0,0.0,1.0,0.0,69
2018 04 09,CNN,"Ad boycott continues, but Laura Ingraham is coming back https://t.co/OnXNdAF10s https://t.co/Y4NlvfUxSx",-0.1655,0.0,0.858,0.142,70
2018 04 09,CNN,Advocacy groups claim YouTube illegally collects data from kids https://t.co/6EXVuwK63a https://t.co/3cvTdyRhuq,0.0,0.0,1.0,0.0,71
2018 04 09,CNN,"New York Times top editor on journalism's ""biggest crisis"" https://t.co/gCbhz0zlxi https://t.co/10pUTf3wWe",-0.5106,0.121,0.604,0.275,72
2018 04 09,CNN,"How President Trump might counter ""Animal Assad"" https://t.co/goFKFPnLS5 | via @CNNOpinion https://t.co/VrIRXtkC48",0.0,0.0,1.0,0.0,73
2018 04 09,CNN,Facebook is about to tell users if their data was shared with Cambridge Analytica https://t.co/mEPmgsQo81 https://t.co/DxiWnScgLL,0.34,0.138,0.862,0.0,74
2018 04 09,CNN,"A disaster was narrowly averted in eastern India on Saturday after a runaway train carrying up to 1,000 passengers‚Ä¶ https://t.co/cddXNNQgTk",-0.6597,0.0,0.748,0.252,75
2018 04 09,CNN,16-year-old breaks Commonwealth Games record to win shooting gold for India https://t.co/wJBSQSwWGh https://t.co/fI8userxuW,0.5859,0.241,0.759,0.0,76
2018 04 09,CNN,Army identifies two soldiers killed in Kentucky helicopter crash https://t.co/NgPIsEyCAL https://t.co/gCSI008DZC,-0.802,0.0,0.556,0.444,77
2018 04 09,CNN,Jimmy Kimmel apologizes for jabs at Fox News host Sean Hannity https://t.co/2dV4CmYW9h https://t.co/fVz6ytkiih,0.3612,0.172,0.828,0.0,78
2018 04 09,CNN,"The US denied attacking a Syrian airfield on Sunday, hours after President Donald Trump tweeted ""Animal Assad"" woul‚Ä¶ https://t.co/N69urZ0lxM",-0.7096,0.0,0.731,0.269,79
2018 04 09,CNN,Hungary's Euroskeptic leader Orban claims victory https://t.co/TCOwkEp1tR https://t.co/bOB92B3SNF,0.0,0.0,1.0,0.0,80
2018 04 09,CNN,Designing for hedonists: The evolution of nightclub interiors https://t.co/CBgVJaCtfg via @CNNStyle https://t.co/LDOsfa3zmV,0.0,0.0,1.0,0.0,81
2018 04 09,CNN,"Muenster van attack driver acted alone, police say https://t.co/lI5QGWerel https://t.co/RT0vGrdhVP",-0.6249,0.0,0.611,0.389,82
2018 04 09,CNN,US military resumes air operations in Djibouti https://t.co/Pdgu67UR2M https://t.co/760nXrhQ2x,0.0,0.0,1.0,0.0,83
2018 04 09,CNN,Here's everything you need to know about the US-China trade battle https://t.co/tNuqnPsOGC https://t.co/GB5qEQUC0L,-0.3818,0.0,0.822,0.178,84
2018 04 09,CNN,Chicago attorney general to oversee FBI document release to House https://t.co/fEPioN0wBI,0.0,0.0,1.0,0.0,85
2018 04 09,CNN,Syria attack response looms over John Bolton's first week as national security adviser https://t.co/fl4Bp3ZLry https://t.co/KYikDpaZs8,-0.3182,0.126,0.628,0.246,86
2018 04 09,CNN,Life coach Tony Robbins apologized for his comments about the #MeToo movement after suggesting during a March event‚Ä¶ https://t.co/MN9mWwRWsy,0.3182,0.119,0.881,0.0,87
2018 04 09,CNN,"Donald Trump always strives to command center stage, but the US President is now embroiled in so many escalating gl‚Ä¶ https://t.co/yOjgT8eFoG",0.0,0.0,1.0,0.0,88
2018 04 09,CNN,"Republican Sen. John McCain says President Trump ""emboldened"" Syrian leader Bashar al-Assad with comments on US wit‚Ä¶ https://t.co/oEdzG3EgIv",0.0,0.0,1.0,0.0,89
2018 04 09,CNN,"Gun-toting congressman is right. He's no Gabby Giffords, writes Steven Lubet for @CNNopinion https://t.co/r3Hc3qozvq https://t.co/hSKe7m7mFz",-0.296,0.0,0.864,0.136,90
2018 04 09,CNN,"Stormy Daniels' attorney has once again filed a motion to depose President Donald Trump and his lawyer, Michael Coh‚Ä¶ https://t.co/mDANNFQ7kL",0.0,0.0,1.0,0.0,91
2018 04 09,CNN,Advocacy groups claim YouTube illegally collects data from kids https://t.co/QCRos9j9zU https://t.co/XQJopsUpyZ,0.0,0.0,1.0,0.0,92
2018 04 09,CNN,"How President Trump might counter ""Animal Assad"" https://t.co/JV1pyA51ol | via @CNNOpinion https://t.co/t7XFqzLqbY",0.0,0.0,1.0,0.0,93
2018 04 09,CNN,"Introducing North Korea's international marathon. 

This year marked the 29th edition of the race and the fifth yea‚Ä¶ https://t.co/pe8c79kt2l",0.0,0.0,1.0,0.0,94
2018 04 09,CNN,Son of former NHL player among those dead in Canadian bus crash https://t.co/SePZhXmO2i https://t.co/1HCmp80tnr,-0.7906,0.0,0.632,0.368,95
2018 04 09,CNN,"Deutsche Bank, Germany's biggest lender, is getting rid of its CEO after years of heavy losses.‚Ä¶ https://t.co/0PftdZQyUV",0.0,0.0,1.0,0.0,96
2018 04 09,CNN,16-year-old breaks Commonwealth Games record to win shooting gold for India https://t.co/YVodGmbBMz https://t.co/Z57prB4fri,0.5859,0.241,0.759,0.0,97
2018 04 09,CNN,"""A Quiet Place"" leads box office as horror keeps making noise https://t.co/C5Oue5iE04 https://t.co/nCJFLfnSg1",-0.5719,0.0,0.764,0.236,98
2018 04 09,CNN,4 questions Congress must ask Facebook CEO Mark Zuckerberg https://t.co/ztOyDVSmee https://t.co/aT3O8TErH8,0.0,0.0,1.0,0.0,99
2018 04 09,CNN,"The US denied attacking a Syrian airfield on Sunday, hours after President Donald Trump tweeted ""Animal Assad"" woul‚Ä¶ https://t.co/ypEAcGrkps",-0.7096,0.0,0.731,0.269,100
2018 04 09,Fox News,'Shirtless' daredevil draped in American flag climbs 200-foot crane in Hollywood https://t.co/LObFSY5JsF,0.128,0.12,0.88,0.0,1
2018 04 09,Fox News,"Breaking News: Body of Tennessee double-murder suspect believed to be found, sheriff says https://t.co/lEbAZCvlrf",-0.296,0.0,0.855,0.145,2
2018 04 09,Fox News,Toddler on American Airlines flight hit in head with oxygen canister that fell from ceiling during landing https://t.co/BO5ZoXFtDO,0.0,0.0,1.0,0.0,3
2018 04 09,Fox News,"Brandon Judd: ‚ÄúWhen we have the National Guard on the border, the cartels take notice.‚Äù https://t.co/zQ5dC38M6D",0.0,0.0,1.0,0.0,4
2018 04 09,Fox News,"‚ÄúIt‚Äôs going to be a huge boon."" ‚Äì Brandon Judd on @USNationalGuard troops heading to the southern border https://t.co/HpdVpSk2WD",0.3182,0.126,0.874,0.0,5
2018 04 09,Fox News,Texas Gov on Sending Nat'l Guard to Border: 'There's a Mathematical Need For This' https://t.co/zaGRhlMHdb,0.0,0.0,1.0,0.0,6
2018 04 09,Fox News,Horse trailer carrying at least 18 illegal immigrants crashes in Southern California https://t.co/vDBNYCcCfP,-0.5574,0.0,0.769,0.231,7
2018 04 09,Fox News,"Mac Thornberry: ""We‚Äôve got to do whatever it takes to have planes that fly and have training that is appropriate fo‚Ä¶ https://t.co/PxyBSYRb7e",0.0,0.0,1.0,0.0,8
2018 04 09,Fox News,"Mac Thornberry: ‚ÄúWhat we do speaks much more clearly than what we say, and to show Putin and Assad and everybody el‚Ä¶ https://t.co/pXOMQvtSfZ",0.4576,0.12,0.88,0.0,9
2018 04 09,Fox News,"Mac Thornberry: ‚ÄúWe cannot fix Syria...We have to work with our allies to try to keep a lid on things."" https://t.co/VaXqZgzSTW",0.0,0.0,1.0,0.0,10
2018 04 09,Fox News,Tony Robbins apologizes for #MeToo comments https://t.co/NDTXRdhvmr,0.3612,0.294,0.706,0.0,11
2018 04 09,Fox News,"Mac Thornberry: ""Syria is a cauldron of security concerns for all sorts of countries.‚Äù https://t.co/UjnLduMUV4 https://t.co/b3lTjMkMql",0.34,0.146,0.854,0.0,12
2018 04 09,Fox News,"RT @FoxBusiness: .@SecretaryPerry: ""Now, because of American innovation, American technology, we are now in the driver's seat when it comes‚Ä¶",0.3818,0.12,0.88,0.0,13
2018 04 09,Fox News,"RT @FoxBusiness: .@SecretaryPerry: ""Fracking, horizontal drilling completely changed the dynamic out there in the world from the standpoint‚Ä¶",0.4336,0.144,0.856,0.0,14
2018 04 09,Fox News,"Meghan Markle, Prince Harry ask for donations to charities as wedding gifts https://t.co/UPI4eSKubw",0.4939,0.211,0.789,0.0,15
2018 04 09,Fox News,Homeless residents brag about makeshift 'mansion' near Seattle's famed Space Needle https://t.co/O3WadCSrqE,0.0,0.0,1.0,0.0,16
2018 04 09,Fox News,"Facebook must shape up, or it will be 'broken up,' senator warns https://t.co/Q8Rozj7Hrr #fntech (via @christocarbone)",-0.5423,0.0,0.757,0.243,17
2018 04 09,Fox News,Topless woman charges at Bill Cosby as he arrives for sex assault retrial https://t.co/7ekE4V4H7F,-0.7096,0.0,0.67,0.33,18
2018 04 09,Fox News,".@SecretaryPerry: ‚ÄúYou‚Äôve got to have boots on the ground, you‚Äôve got to have the technologies, that‚Äôs the reason t‚Ä¶ https://t.co/nGnZTfWihb",0.0,0.0,1.0,0.0,19
2018 04 09,Fox News,73-year-old survives crash through brick wall and down 10-foot drop https://t.co/JH9HTBtN4u,-0.5859,0.0,0.652,0.348,20
2018 04 09,Fox News,.@ScottWalker: ‚ÄúWe protect our shores and our borders and I applaud the president for stepping up to take on illega‚Ä¶ https://t.co/p97zi26qGq,0.6808,0.237,0.763,0.0,21
2018 04 09,Fox News,Hackers hit Iran with US flag and 'Don't mess with our elections' warning https://t.co/Wp8Qc5G4Si,-0.0747,0.128,0.727,0.145,22
2018 04 09,Fox News,.@GovAbbott on @foxandfriends: ‚ÄúTexas wants to ensure that we secure the border.‚Äù https://t.co/fwGehxeoqM,0.6124,0.312,0.688,0.0,23
2018 04 09,Fox News,".@GovAbbott: ""The people of Texas are very appreciative that the president of the United States has recognized this‚Ä¶ https://t.co/kMRze2Y37o",0.7713,0.282,0.718,0.0,24
2018 04 09,Fox News,Ronald Vitello: ‚ÄúConsequences matter‚Ä¶We need to reduce the activity level at the border.‚Äù @foxandfriends https://t.co/IfOPglGQfx,0.0,0.0,1.0,0.0,25
2018 04 09,Fox News,Cooler than average temperatures continue for the Midwest and Northeast (via @JaniceDean) https://t.co/ci8Hm7Q6Of,0.0,0.0,1.0,0.0,26
2018 04 09,Fox News,"JUST IN: Florida GOP Gov. Rick Scott running for Senate, report says https://t.co/hQgoeiQpsb",0.0,0.0,1.0,0.0,27
2018 04 09,Fox News,Ronald Vitello on @USNationalGuard at the southern border: ‚ÄúThey‚Äôre going to help us by adding capacity.‚Äù‚Ä¶ https://t.co/oiOA1sIqWU,0.4019,0.144,0.856,0.0,28
2018 04 09,Fox News,".@RalphNorman: ‚ÄúI believe that the only thing that stops a bad guy with a gun, is a good guy with a gun.‚Äù https://t.co/eboQAn54i6",-0.5574,0.114,0.591,0.295,29
2018 04 09,Fox News,"OPINION: Want jobs? Nebraska reforms have more people working, fewer on welfare and food stamps (via‚Ä¶ https://t.co/t9QPR8HRKx",0.0772,0.075,0.925,0.0,30
2018 04 09,Fox News,.@LindseyGrahamSC on the suspected Syria chemical attack: ‚ÄúI think now [Assad] is a legitimate war criminal in the‚Ä¶ https://t.co/nunsCfmgbG,-0.9062,0.0,0.532,0.468,31
2018 04 09,Fox News,.@LindseyGrahamSC on the suspected Syria chemical attack: ‚ÄúWe should make [Assad] pay a heavy price by destroying h‚Ä¶ https://t.co/e9yFdSIgWJ,-0.8402,0.0,0.583,0.417,32
2018 04 09,Fox News,Army identifies 2 killed in helicopter crash in Kentucky https://t.co/O2k3izcQvA https://t.co/wWVEuIaCpL,-0.802,0.0,0.526,0.474,33
2018 04 09,Fox News,Russia blames Israel for deadly airstrike on Assad base after alleged chemical attack https://t.co/ttl3yWlLZf,-0.7003,0.0,0.674,0.326,34
2018 04 09,Fox News,.@RLHeinrichs on the Syria chemical attack: ‚ÄúYou can‚Äôt allow chemical weapons to continue being used.‚Äù‚Ä¶ https://t.co/CnW8ZaedJP,-0.6249,0.091,0.622,0.287,35
2018 04 09,Fox News,Sen. Jeff Flake's son seeks new civil trial against Joe Arpaio https://t.co/rqc9nLB9Tm https://t.co/RhieDXVfYz,0.0,0.0,1.0,0.0,36
2018 04 09,Fox News,Texas Begins Deploying Troops to the Border https://t.co/9gYLu12hvH https://t.co/VsUSbZhUtE,0.0,0.0,1.0,0.0,37
2018 04 09,Fox News,South Carolina reps introduce bill to allow debate on secession over gun laws https://t.co/xa9m1r0ptu,-0.128,0.117,0.736,0.147,38
2018 04 09,Fox News,"Democratic strategist Chuck Rocha: ""Nobody in America wants anybody coming here who wants to do harm to America."" https://t.co/MYBFQmnRBu",-0.5423,0.0,0.837,0.163,39
2018 04 09,Fox News,.@larry_kudlow tries to calm trade war fears but says #Trump 'not bluffing' about China tariffs https://t.co/dUUt2Xc9G6,-0.4019,0.087,0.684,0.229,40
2018 04 09,Fox News,New high-speed Florida train kills 4th person since launching service https://t.co/bQAcrPIa3x,-0.5423,0.0,0.741,0.259,41
2018 04 09,Fox News,Russia blames Israel for deadly airstrike on Assad base after alleged chemical attack https://t.co/ttl3yWDmQN,-0.7003,0.0,0.674,0.326,42
2018 04 09,Fox News,".@RepMcCaul: ""I remember @JohnKerry saying, 'We took all their chemical weapons away.' Obviously not."" https://t.co/x7G1yQlN19",-0.4404,0.0,0.828,0.172,43
2018 04 09,Fox News,".@NanHayworth: ""Extreme vetting, which has been applied to targeted nations that we know are the sources of terror‚Ä¶ https://t.co/OV0e9TAMSN",0.0,0.0,1.0,0.0,44
2018 04 09,Fox News,Child advocates ask FTC to investigate YouTube https://t.co/vZEB4ezBGD,0.0,0.0,1.0,0.0,45
2018 04 09,Fox News,Texas begins deploying troops to southern border https://t.co/iKj4LWihu4,0.0,0.0,1.0,0.0,46
2018 04 09,Fox News,"On @foxandfriends, @cvpayne praised President @realDonaldTrump's economic policies and their positive results for A‚Ä¶ https://t.co/Cos9MFoHLP",0.7783,0.343,0.657,0.0,47
2018 04 09,Fox News,"Delta passenger suffered 'painful' cartilage damage after child on flight repeatedly kicked her, she claims https://t.co/bcvwOCIhxd",-0.7506,0.0,0.686,0.314,48
2018 04 09,Fox News,"National security analyst Ryan Mauro on Syrian chemical attack: ""I see no other option besides military action.""‚Ä¶ https://t.co/mbBmTmeoQH",-0.4404,0.106,0.661,0.233,49
2018 04 09,Fox News,States sending troops to Mexico border. https://t.co/Zep3xNOoPF,0.0,0.0,1.0,0.0,50
2018 04 09,Fox News,".@TheRealJohnHCox: ""This criminal idea of the sanctuary state movement - the people are upset about this because it‚Ä¶ https://t.co/EGULsWk376",-0.7184,0.0,0.727,0.273,51
2018 04 09,Fox News,Hackers hit Iran with US flag and 'Don't mess with our elections' warning https://t.co/Wp8Qc5XGgS,-0.0747,0.128,0.727,0.145,52
2018 04 09,Fox News,Army identifies 2 killed in helicopter crash in Kentucky https://t.co/O2k3izcQvA https://t.co/Zy0NMuT2el,-0.802,0.0,0.526,0.474,53
2018 04 09,Fox News,The lava lake at the summit of Hawaii‚Äôs Kilauea Volcano bubbled and spat on the morning of April 4. The USGS Hawaii‚Ä¶ https://t.co/edPWaWO7Fp,0.0,0.0,1.0,0.0,54
2018 04 09,Fox News,".@SarahPalinUSA: ""This is unprecedented‚Äî all those elements of a perfect storm against the will of the people havin‚Ä¶ https://t.co/50FsSD8zBl",0.5719,0.179,0.821,0.0,55
2018 04 09,Fox News,"Arizona mom arrested after toddler ate THC-laced mac and cheese, cops say https://t.co/jQii3c6P4C https://t.co/K5C9IRUSRU",-0.4767,0.0,0.807,0.193,56
2018 04 09,Fox News,"DOG OF ALL TRADES: Besides being a detection dog, Belle doubles as a fetch expert, showcasing advanced skill by sna‚Ä¶ https://t.co/WEJxOK3WHA",0.25,0.1,0.9,0.0,57
2018 04 09,Fox News,".@larry_kudlow: ""Look, [@POTUS is] great negotiator. He has a whole history of that. But in this process, tariffs h‚Ä¶ https://t.co/ddr3vFEmn4",0.6249,0.186,0.814,0.0,58
2018 04 09,Fox News,Kyle Busch gets first win at Texas NASCAR race https://t.co/PKCjX7kuUT,0.5859,0.297,0.703,0.0,59
2018 04 09,Fox News,".@TomFitton: ""@TheJusticeDept was a mess under Loretta Lynch. This meeting was an indication or an example of the w‚Ä¶ https://t.co/sM0FKs7CP4",-0.3612,0.0,0.878,0.122,60
2018 04 09,Fox News,Syrian media report missile attack; US says it didn't fire https://t.co/kYjEZvRJjl,-0.2649,0.144,0.637,0.219,61
2018 04 09,Fox News,".@SarahPalinUSA on ObamaCare: ""It's an atrocity."" https://t.co/gb39DWQdUU",0.0,0.0,1.0,0.0,62
2018 04 09,Fox News,.@elonmusk posts picture of BFR's 'main body tool' to be used for interplanetary missions https://t.co/prcYknD0jT,0.0,0.0,1.0,0.0,63
2018 04 09,Fox News,".@cvpayne: ""This last month we saw the second-lowest unemployment rate for black Americans in history."" https://t.co/MAmmH6WoBb",-0.4404,0.0,0.838,0.162,64
2018 04 09,Fox News,.@POTUS and the economy. https://t.co/844HTnymWT,0.0,0.0,1.0,0.0,65
2018 04 09,Fox News,".@SarahPalinUSA on running for governor: ""We had a lot of corruption going on in our state, and people wanted it cl‚Ä¶ https://t.co/xmE8GHaXmL",0.0,0.0,1.0,0.0,66
2018 04 09,Fox News,.@DevinNunes on the chemical attack in Syria: ‚ÄúI haven‚Äôt been briefed on this yet‚Ä¶ but obviously it‚Äôs very troublin‚Ä¶ https://t.co/s2M4bT3z2Z,-0.2617,0.0,0.903,0.097,67
2018 04 09,Fox News,The Latest: Syrian monitors say 14 killed in air base strike https://t.co/VwGz1EbzDx,-0.7184,0.0,0.625,0.375,68
2018 04 09,Fox News,"U.S. demanding Russia end Syrian support after poison gas attack kills dozens, activists and medics say‚Ä¶ https://t.co/cNAcRL4uo4",-0.8519,0.101,0.449,0.449,69
2018 04 09,Fox News,".@SarahPalinUSA on her vice presidential run: ""I would do it again in a heartbeat."" https://t.co/9dhXbbodpd",0.0,0.0,1.0,0.0,70
2018 04 09,Fox News,"""We're not used to...leaders that stand up and be tough.""

On @foxandfriends, @Nigel_Farage compared President‚Ä¶ https://t.co/7Ayny95bHm",0.0,0.0,1.0,0.0,71
2018 04 09,Fox News,".@larry_kudlow on tariffs: ""China's response was highly unsatisfactory and I think that's unfortunate. We do have c‚Ä¶ https://t.co/HqPG4Hb77g",-0.4588,0.0,0.842,0.158,72
2018 04 09,Fox News,"Earlier, @MayorofLondon Sadiq Khan vowed to get tough on knife violence as the number of stabbing murders rapidly r‚Ä¶ https://t.co/3SizlzosOO",-0.8519,0.048,0.595,0.357,73
2018 04 09,Fox News,.@AlanDersh: President @realDonaldTrump Won't Repeat Fmr. President @BarackObama's 'Tragic Mistake' With Syria 'Red‚Ä¶ https://t.co/UH37YfRTZ8,-0.6597,0.0,0.69,0.31,74
2018 04 09,Fox News,Former South Korean President Lee Myung-bak charged with corruption https://t.co/JEX6EjfgbQ,-0.2023,0.0,0.833,0.167,75
2018 04 09,Fox News,".@SarahPalinUSA: ""We have every...God-given right that's codified in our Bill of Rights to protect ourselves."" https://t.co/XQEbG1H3CZ",0.3818,0.148,0.852,0.0,76
2018 04 09,Fox News,".@FrankLuntz: ""I think the Republicans are in deep trouble in the House and the Senate as well. If the election wer‚Ä¶ https://t.co/tcTnklGZyO",-0.1531,0.085,0.806,0.109,77
2018 04 09,Fox News,"Brandon Judd: ""We want to once and for all secure the border so that we don't have to continue to sit here and say,‚Ä¶ https://t.co/UfHLYLSNsE",0.4019,0.139,0.861,0.0,78
2018 04 09,Fox News,"A large Canadian flag at half-mast is seen from a cemetery in #Humboldt, Saskatchewan. 15 people traveling with the‚Ä¶ https://t.co/rb1xNjbhWN",0.0,0.0,1.0,0.0,79
2018 04 09,Fox News,".@SarahPalinUSA: ""It's obvious why @TheDemocrats don't believe in securing the border. I think that they just fear‚Ä¶ https://t.co/9sILJ2d0xx",-0.2411,0.0,0.891,0.109,80
2018 04 09,Fox News,The Rio Grande Valley Sector graduated eight new horse agents for its Horse Patrol Unit. The Horse Patrol Unit uses‚Ä¶ https://t.co/84w17Cw6Vy,0.0,0.0,1.0,0.0,81
2018 04 09,Fox News,.@JudgeJeanine: It's Time for Republicans to Start Wielding Power https://t.co/IpEU7L5UtG https://t.co/Vpsm4EBCUN,0.0,0.0,1.0,0.0,82
2018 04 09,Fox News,"On ‚ÄúAmerica‚Äôs News HQ,‚Äù former Arizona @GovBrewer slammed California @JerryBrownGov‚Äôs illegal immigration policies‚Ä¶ https://t.co/VdEqR4TDFT",-0.5574,0.0,0.783,0.217,83
2018 04 09,Fox News,".@DiamondandSilk: ""If a privately owned bakery has to go against their Christian values to bake a cake, then Mark Z‚Ä¶ https://t.co/eo8EPKc7rP",0.4019,0.13,0.87,0.0,84
2018 04 09,Fox News,"Lt. Gen. H. Steven Blum (Ret.): ""The only people that view this as a threat are the coyotes and the cartels - and j‚Ä¶ https://t.co/GATvZWMqtj",-0.5267,0.0,0.866,0.134,85
2018 04 09,Fox News,Canada town grieves after road crash decimates youth team https://t.co/ClouPDtjVH,-0.7003,0.0,0.58,0.42,86
2018 04 09,Fox News,".@GovBrewer: ""It's absolutely unfortunate, not only for California but for our country, that we have people in elec‚Ä¶ https://t.co/LpZl4gLzHJ",-0.2838,0.0,0.893,0.107,87
2018 04 09,Fox News,RT @FoxBusiness: JUST IN: Novartis to buy AveXis for $8.7 billion https://t.co/HsAVhwuRHL,0.0,0.0,1.0,0.0,88
2018 04 09,Fox News,"""If we have thousands and thousands of people trying to come into our country, we have to protect our border."" 

On‚Ä¶ https://t.co/6Qkroyg7wZ",0.3818,0.11,0.89,0.0,89
2018 04 09,Fox News,"Former ICE official Tommy Kilbride: ""These landing mat fences don't work. So anybody that says the wall won't work‚Ä¶ https://t.co/AH30Qwl6kr",0.0,0.0,1.0,0.0,90
2018 04 09,Fox News,Man hailed as a 'real life @Disney prince' after 70-pound weight loss goes viral on Reddit https://t.co/IZ9Ml5Z4pE,-0.1027,0.104,0.769,0.126,91
2018 04 09,Fox News,".@TomiLahren on the state of the GOP: ""Why is it always the Right that has to become more moderate? No, I don't thi‚Ä¶ https://t.co/XMdKVqScNw",-0.3566,0.0,0.899,0.101,92
2018 04 09,Fox News,"'Hero' Humbolt Broncos player taken off life support, to donate organs https://t.co/iGIwTPexpu",0.4019,0.197,0.803,0.0,93
2018 04 09,Fox News,".@AntonioSabatoJr on immigration debate: ""The Democratic Party is always saying, 'Well if you want a border, if you‚Ä¶ https://t.co/onmo4XdKBy",0.6249,0.289,0.711,0.0,94
2018 04 09,Fox News,Survivors of Syria chemical attack 'forced to leave or die' https://t.co/J1nyGPjS40,-0.8807,0.0,0.385,0.615,95
2018 04 09,Fox News,.@hogangidley45: ‚ÄúThe number one function of the federal government‚Ä¶is to protect the American people. President Do‚Ä¶ https://t.co/xU8fl4vvdd,0.4404,0.206,0.794,0.0,96
2018 04 09,Fox News,Senator Jeff Flake's son seeks new civil trial against Joe Arpaio https://t.co/rqc9nLSKKU,0.0,0.0,1.0,0.0,97
2018 04 09,Fox News,".@RepDeSantis on FISA warrants: ""Both @TheJusticeDept and the @FBI have tried for months and months to deemphasize‚Ä¶ https://t.co/htKCBY7mHu",0.0,0.0,1.0,0.0,98
2018 04 09,Fox News,"@robertjeffress: ""The reason Evangelicals overwhelmingly support @POTUS is not because he has a perfect past. None‚Ä¶ https://t.co/pKgPICqx8m",0.7096,0.306,0.622,0.072,99
2018 04 09,Fox News,"""Illegal immigration is not a race, it's an activity. And it's an activity that Americans should not believe in, sh‚Ä¶ https://t.co/eVyulmpRMM",-0.5574,0.0,0.841,0.159,100
2018 04 09,The New York Times,Gov. Rick Scott made official what Floridians have suspected for months: He's running for the U.S. Senate https://t.co/2IrL7lFd1j,-0.2263,0.0,0.899,0.101,1
2018 04 09,The New York Times,The federal government‚Äôs top ethics official sent a letter to the EPA questioning Scott Pruitt's actions and asking‚Ä¶ https://t.co/gpwZQAbPF3,0.1027,0.094,0.833,0.073,2
2018 04 09,The New York Times,"Combative, relentless and proudly impolitic, John Bolton has a kindred spirit of sorts in President Trump, a fellow‚Ä¶ https://t.co/rDXkTyjA3G",0.6705,0.317,0.683,0.0,3
2018 04 09,The New York Times,"‚ÄúGet a job,‚Äù one Chief Wahoo fan yelled, along with an expletive, at protesters at the Cleveland Indians' home open‚Ä¶ https://t.co/OGmApH1WRA",0.1027,0.104,0.811,0.086,4
2018 04 09,The New York Times,"RT @VVFriedman: Why that rumor about Anna Wintour leaving Vogue was so powerful, and what it could mean -  https://t.co/hnJqwO6cR6",0.5598,0.167,0.833,0.0,5
2018 04 09,The New York Times,Video: Syria and Russia accused Israel of conducting aistrikes on a Syrian air base on Monday https://t.co/MxTcHGx2TG,-0.296,0.0,0.872,0.128,6
2018 04 09,The New York Times,"RT @chashomans: I went to some of Trump's post-election rallies, and had some thoughts about them, and wrote down those thoughts: https://t‚Ä¶",0.0,0.0,1.0,0.0,7
2018 04 09,The New York Times,Consumer groups said YouTube failed to comply with a federal law that requires companies to obtain consent from par‚Ä¶ https://t.co/VLXdNstvls,-0.34,0.086,0.766,0.149,8
2018 04 09,The New York Times,"Big power tensions in the Syria conflict, already running high after an apparent chemical weapons attack, ratcheted‚Ä¶ https://t.co/JAhWKLryfR",-0.875,0.0,0.56,0.44,9
2018 04 09,The New York Times,"Tony Robbins, a life coach, apologized for saying women use #MeToo to gain ""significance"" https://t.co/ZEc5Hy3QpS",0.6908,0.322,0.678,0.0,10
2018 04 09,The New York Times,"RT @PatrickKingsley: What would happen if a far-right leader cemented power in a western state? In Viktor Orban's Hungary, it's already hap‚Ä¶",0.0,0.0,1.0,0.0,11
2018 04 09,The New York Times,Video: Did these women see #MeToo coming? https://t.co/NXZ3mPD44F,0.0,0.0,1.0,0.0,12
2018 04 09,The New York Times,"Friends of the art collector who died in a fire at Trump Tower said he had been trying to move since the election,‚Ä¶ https://t.co/AADoOZvj7r",-0.4404,0.107,0.687,0.206,13
2018 04 09,The New York Times,Morning¬†Briefing: Here's what you need to know to start your day https://t.co/z6zdDPxTPo https://t.co/fsmzE3skCk,0.0,0.0,1.0,0.0,14
2018 04 09,The New York Times,The post-campaign campaign of Donald Trump https://t.co/EFmeLFLJgX https://t.co/nwpMojrmlE,0.0,0.0,1.0,0.0,15
2018 04 09,The New York Times,"When women have their first child between age 25 and 35, their pay never recovers, relative to that of their husban‚Ä¶ https://t.co/68e886x9kv",-0.1027,0.0,0.938,0.062,16
2018 04 09,The New York Times,European leaders' biggest fear may be that President Trump's belligerent approach to trade will destroy the postwar‚Ä¶ https://t.co/tjShh80JUo,-0.7717,0.0,0.705,0.295,17
2018 04 09,The New York Times,"Caring for migrants and the poor is equally as holy a pursuit as opposing abortion, Pope Francis declared https://t.co/vpN7G3cWgs",0.0258,0.143,0.717,0.139,18
2018 04 09,The New York Times,"RT @TheSteinLine: For the second straight season, one seriously sprained knee forced the Warriors to make the unkindest of roster cuts. My‚Ä¶",-0.6124,0.071,0.672,0.257,19
2018 04 09,The New York Times,"After a suspected chemical attack in Syria, President Trump said Iran and Russia were responsible for backing ""Anim‚Ä¶ https://t.co/PYq05VxVKa",-0.3818,0.152,0.625,0.223,20
2018 04 09,The New York Times,"""At a certain point, you just have to do something,"" said a bookseller in Berlin who helped organize protests again‚Ä¶ https://t.co/KRDuQhzKMH",0.0516,0.1,0.81,0.09,21
2018 04 09,The New York Times,Their data was swept up for Cambridge Analytica. Some of the first known affected Facebook users to be publicly ide‚Ä¶ https://t.co/c3xhGEDI7r,-0.1531,0.0,0.926,0.074,22
2018 04 09,The New York Times,"RT @nytimesworld: ‚ÄúWe don‚Äôt want migrants to come to Hungary,‚Äù said an army reservist who voted for Viktor Orban‚Äôs party. ‚ÄúThey are unwilli‚Ä¶",0.4588,0.16,0.84,0.0,23
2018 04 09,The New York Times,Six men suspected of plotting a possible attack on the Berlin half-marathon on Sunday were detained by the police https://t.co/kYJl4HlJs6,-0.7717,0.0,0.675,0.325,24
2018 04 09,The New York Times,Morning¬†Briefing: Here's what you need to know to start your day https://t.co/RNNICDJiOs https://t.co/fTtErIRrGA,0.0,0.0,1.0,0.0,25
2018 04 09,The New York Times,"As marijuana use has increased, ER doctors say they've been seeing a steady flow of patients with the telltale symp‚Ä¶ https://t.co/7auDlDfWBv",0.2732,0.1,0.9,0.0,26
2018 04 09,The New York Times,Syria and Russia blamed Israel for early morning airstrikes on a Syrian military base that a conflict monitoring gr‚Ä¶ https://t.co/GtFjYhkZ8d,-0.6597,0.0,0.748,0.252,27
2018 04 09,The New York Times,"The reported chemical attack in Syria seems to have squeezed President Trump between conflicting impulses, and rais‚Ä¶ https://t.co/mRlcTrwBJA",-0.7003,0.0,0.734,0.266,28
2018 04 09,The New York Times,"Viktor Orban, who has set about transforming Hungary from a vibrant democracy into a semi-autocratic state, appeare‚Ä¶ https://t.co/Vx2IWPCgzc",0.5267,0.185,0.815,0.0,29
2018 04 09,The New York Times,"Modern Love: ""I‚Äôm not sure it‚Äôs possible to justify my liaisons with married men, but what I learned from having th‚Ä¶ https://t.co/PJh6QfzZ26",0.2776,0.113,0.823,0.064,30
2018 04 09,The New York Times,North Korea has told the United States that Kim Jong-un is willing to discuss denuclearization of the Korean Penins‚Ä¶ https://t.co/B5jGai0g4G,0.4215,0.128,0.872,0.0,31
2018 04 09,The New York Times,Many people taking antidepressants are saying they cannot quit because of withdrawal symptoms they were never warne‚Ä¶ https://t.co/CeaWbLe2qw,0.0258,0.061,0.939,0.0,32
2018 04 09,The New York Times,Consumer groups said YouTube failed to comply with a federal law that requires companies to obtain consent from par‚Ä¶ https://t.co/prqzE2SYC7,-0.34,0.086,0.766,0.149,33
2018 04 09,The New York Times,Jeff Sessions appointed a United States attorney to handle document production for an inquiry into the FBI's handli‚Ä¶ https://t.co/wlGVcDXzjw,0.4215,0.141,0.859,0.0,34
2018 04 09,The New York Times,"RT @nytimesworld: J√∂rg Braunsdorf will order books from some right-wing publishers at the request of customers at his Berlin bookstore, but‚Ä¶",0.0,0.0,1.0,0.0,35
2018 04 09,The New York Times,"Sri Reddy, an Indian actress, staged a topless #MeToo protest https://t.co/NUrkj4zdMZ",-0.25,0.0,0.818,0.182,36
2018 04 09,The New York Times,"As marijuana use has increased, ER doctors say they've been seeing a steady flow of patients with the telltale symp‚Ä¶ https://t.co/cRx05Eb2fu",0.2732,0.1,0.9,0.0,37
2018 04 09,The New York Times,A look at some of the major episodes of suspected chemical attacks in Syria https://t.co/n6YplhtWrB,-0.5859,0.0,0.714,0.286,38
2018 04 09,The New York Times,Here's how to start a fitness routine ‚Äì and stick to it https://t.co/WvY6hDtVYB,0.2732,0.174,0.826,0.0,39
2018 04 09,The New York Times,RT @gabrieldance: we‚Äôve talked with cambridge analytica. we‚Äôve talked w chris wylie. we‚Äôve talked with kogan about his infamous app. we‚Äôve‚Ä¶,0.0,0.0,1.0,0.0,40
2018 04 09,The New York Times,"Is the doctor in? In this new medical age of urgent care centers and retail clinics, that‚Äôs not a simple question. https://t.co/AyGCxjbUTp",0.6124,0.208,0.792,0.0,41
2018 04 09,The New York Times,15 Lives Devoted to Hockey: A Look at Who Died in a Crash in Canada https://t.co/FHzwWleWQ6,-0.5574,0.135,0.55,0.315,42
2018 04 09,The New York Times,"Justice Dept., Pressured by Trump, Seeks to Speed Response to Congressional Inquiry https://t.co/khY6xcbzcN",0.3612,0.209,0.675,0.117,43
2018 04 09,The New York Times,"Have a craving for craving for deep, dark pools of warm chocolate, sweet pecans and fragrant coconut? https://t.co/6J9sNLn1pS",0.5994,0.246,0.754,0.0,44
2018 04 09,The New York Times,Here's how to start a fitness routine ‚Äì and stick to it https://t.co/4w3uf4LhhZ,0.2732,0.174,0.826,0.0,45
2018 04 09,The New York Times,"Michigan will stop providing free bottled water to the city of Flint. City officials criticized the move, noting th‚Ä¶ https://t.co/FKlz64hQeR",-0.1027,0.132,0.68,0.188,46
2018 04 09,The New York Times,Many people taking antidepressants are saying they cannot quit because of withdrawal symptoms they were never warne‚Ä¶ https://t.co/2qZnmp8U21,0.0258,0.061,0.939,0.0,47
2018 04 09,The New York Times,"Once you immerse yourself in the tasty, convenient world of sheet-pan suppers, you won‚Äôt want to stop https://t.co/Zfz56ScoJu",-0.2263,0.067,0.821,0.113,48
2018 04 09,The New York Times,Their data was swept up for Cambridge Analytica. Some of the first known affected Facebook users to be publicly ide‚Ä¶ https://t.co/TPOpwz0ypP,-0.1531,0.0,0.926,0.074,49
2018 04 09,The New York Times,"For Luigi Di Maio, It‚Äôs Now or Never to Lead Italy. Unless It‚Äôs Later. https://t.co/z7ZQwMG4sB",0.0,0.0,1.0,0.0,50
2018 04 09,The New York Times,"NYT journalists scoured old Islamic State offices in Iraq, gathering over 15,000 pages of internal records abandone‚Ä¶ https://t.co/ITQZbJsbmK",0.0,0.0,1.0,0.0,51
2018 04 09,The New York Times,RT @AllMattNYT: SCOOP: ‚ÄúYou are the product‚Äù ‚Äî @NYTimes found Facebook users whose data was harvested by Cambridge Analytica. They are the‚Ä¶,0.3254,0.104,0.896,0.0,52
2018 04 09,The New York Times,Friends of Todd Brassner remember the man who died in a fire at Trump Tower on Saturday https://t.co/69sA8IQbf8,-0.4404,0.134,0.606,0.26,53
2018 04 09,The New York Times,Pyongyang Welcomes Hundreds of Foreigners for Yearly Marathon https://t.co/HA0Qam6afq,0.4019,0.252,0.748,0.0,54
2018 04 09,The New York Times,"Is the doctor in? In this new medical age of urgent care centers and retail clinics, that‚Äôs not a simple question. https://t.co/zas6Z1fKBR",0.6124,0.208,0.792,0.0,55
2018 04 09,The New York Times,The tiny elevator in a Brooklyn housing project will forever be tainted by the murder of a 6-year-old inside nearly‚Ä¶ https://t.co/EyJA7ZTETJ,-0.6908,0.0,0.793,0.207,56
2018 04 09,The New York Times,"South Carolina's former first lady, Jenny Sanford, wasn‚Äôt looking to remarry after her high-profile divorce, until‚Ä¶ https://t.co/VoB54wj2x8",0.0,0.0,1.0,0.0,57
2018 04 09,The New York Times,"Modern Love: ""I‚Äôm not sure it‚Äôs possible to justify my liaisons with married men, but what I learned from having th‚Ä¶ https://t.co/m9V38iZ3hx",0.2776,0.113,0.823,0.064,58
2018 04 09,The New York Times,Review: ‚ÄòMean Girls‚Äô Sets the Perils of Being Popular to Song https://t.co/ocyCL7g1JL,0.4215,0.203,0.797,0.0,59
2018 04 09,The New York Times,"Michigan will stop providing free bottled water to the city of Flint. City officials criticized the move, noting th‚Ä¶ https://t.co/EdAuT0cJyH",-0.1027,0.132,0.68,0.188,60
2018 04 09,The New York Times,Many people taking antidepressants are saying they cannot quit because of withdrawal symptoms they were never warne‚Ä¶ https://t.co/vBtDudBwF9,0.0258,0.061,0.939,0.0,61
2018 04 09,The New York Times,North Korea Said to Offer Direct Assurance It Will Discuss Denuclearization https://t.co/OB39Xfk3wD,0.34,0.179,0.821,0.0,62
2018 04 09,The New York Times,The snow monkeys of Japan like a nice warm bath. Scientists wanted to find out the real reason they sought out the‚Ä¶ https://t.co/Wg61NYzLII,0.7351,0.275,0.725,0.0,63
2018 04 09,The New York Times,A Town That Lives for Hockey Is Devastated by Humboldt Broncos‚Äô Deaths https://t.co/fkUbNvxLpe,-0.6124,0.0,0.733,0.267,64
2018 04 09,The New York Times,"Facebook's advice to Mark Zuckerberg as he prepares to appear before Congress: Be humble, agreeable and as forthrig‚Ä¶ https://t.co/vqSgPJGcqe",0.4215,0.135,0.865,0.0,65
2018 04 09,The New York Times,Paleontologists have discovered dozens of jumbo-size footprints belonging to dinosaurs that lived 170 million years‚Ä¶ https://t.co/AciKlSwvNA,0.0,0.0,1.0,0.0,66
2018 04 09,The New York Times,"Facebook's advice to Mark Zuckerberg as he prepares to appear before Congress: Be humble, agreeable and as forthrig‚Ä¶ https://t.co/dbYIfSGCCM",0.4215,0.135,0.865,0.0,67
2018 04 08,The New York Times,"He killed a Red Cross worker, and the motive is still a mystery: ""I will go to hell for what I did"" https://t.co/6pCS8rSFVJ",-0.8779,0.0,0.664,0.336,68
2018 04 08,The New York Times,A Tough Task for Facebook: European-Type Privacy for All https://t.co/fWLrndUdXa,-0.128,0.0,0.842,0.158,69
2018 04 08,The New York Times,"Profile: Circe, a Vilified Witch From Classical Mythology, Gets Her Own Epic https://t.co/6aZoqsc21e",-0.3612,0.0,0.815,0.185,70
2018 04 08,The New York Times,"Orban Wins Sweeping Majority, and Control of Hungary‚Äôs Constitution https://t.co/c9kT44hYLI",0.5719,0.291,0.709,0.0,71
2018 04 08,The New York Times,Patrick Reed Wins the Masters in a Breakthrough Performance https://t.co/Ftp0PBbgRt,0.5719,0.316,0.684,0.0,72
2018 04 08,The New York Times,"""My parents don‚Äôt want to just throw money around now. I‚Äôm getting a great education at a fraction of the cost."" https://t.co/D0m6zXCvok",0.6597,0.231,0.769,0.0,73
2018 04 08,The New York Times,Com Journal: East Timor Has Some of the World‚Äôs Richest Reefs. Can It Profit Safely? https://t.co/PcTmSWxSWh,0.8591,0.422,0.578,0.0,74
2018 04 08,The New York Times,A dressing (or dip) that‚Äôs easy to love https://t.co/Tgd2Tm6dxc,0.7964,0.542,0.458,0.0,75
2018 04 08,The New York Times,Oh for the Days of the Making-Of Featurette ‚Äî Seriously https://t.co/5arbjPZTdI,-0.1779,0.0,0.841,0.159,76
2018 04 08,The New York Times,Deutsche Bank Replaces C.E.O. Amid Losses and Lack of Direction https://t.co/JlnPWBzntE,-0.6124,0.0,0.643,0.357,77
2018 04 08,The New York Times,"RT @nerdishtendency: You can see the joy in movement in my first story for @nytimes, a look at a party where musicians and dancers get toge‚Ä¶",0.7579,0.228,0.772,0.0,78
2018 04 08,The New York Times,"""President Xi and I will always be friends, no matter what happens with our dispute on trade,‚Äù President Trump twee‚Ä¶ https://t.co/dAvlL6seAK",-0.1779,0.167,0.637,0.195,79
2018 04 08,The New York Times,The Denver Post is in open revolt against its owner https://t.co/Lw62YzaCPk,0.0,0.0,1.0,0.0,80
2018 04 08,The New York Times,"Common Sense: With Tesla in a Danger Zone, Can Model 3 Carry It to Safety? https://t.co/KjYFEtsMgv",-0.1531,0.154,0.659,0.187,81
2018 04 08,The New York Times,"RT @brooksbarnesNYT: ‚ÄòA Quiet Place‚Äô Is a Huge No. 1 at the Box Office, Boosting Paramount ... At $50M twice what was expected and, out of‚Ä¶",0.3612,0.168,0.753,0.079,82
2018 04 08,The New York Times,"Amid Fears of Trade War, Trump Predicts China Will Relent https://t.co/uWmmVeLe4h",-0.7717,0.0,0.573,0.427,83
2018 04 08,The New York Times,Gov. Rick Scott of Florida is expected to announce on Monday that he's running for the U.S. Senate against Bill Nel‚Ä¶ https://t.co/yFympY459r,0.0,0.0,1.0,0.0,84
2018 04 08,The New York Times,"For many women in the 5 boroughs of New York, training is a gateway into the world of competitive fighting https://t.co/6VsTR5Gp1I",-0.2023,0.08,0.802,0.118,85
2018 04 08,The New York Times,"RT @nytimesarts: A trove of paintings, mementoes from the film ""Gladiator,"" prop horses, guitars, diamond rings and costumes went up for au‚Ä¶",0.34,0.107,0.893,0.0,86
2018 04 08,The New York Times,Here's how to start a fitness routine ‚Äì and stick to it https://t.co/d8GMnfw7rF,0.2732,0.174,0.826,0.0,87
2018 04 08,The New York Times,"""Facebook has got to start treating influencers with more respect. These people need to make a living."" https://t.co/PYdR7TbN5U",0.5256,0.175,0.825,0.0,88
2018 04 08,The New York Times,"Charlie Brown, Snoopy and the rest of the Peanuts gang are part of a new public art project in cities around the wo‚Ä¶ https://t.co/WcKvqpJTxt",0.0,0.0,1.0,0.0,89
2018 04 08,The New York Times,"""I will do my best to see to it that I never am this ignorant again,"" said a teenager who was sentenced to read boo‚Ä¶ https://t.co/qFtGzcqw0z",0.4069,0.146,0.732,0.121,90
2018 04 08,The New York Times,RT @cdcaron: It has been nearly five years since the Syrian government agreed to purge its chemical weapons stockpile. But the chemical war‚Ä¶,-0.2023,0.081,0.808,0.112,91
2018 04 08,The New York Times,"As marijuana use has increased, ER doctors say they've been seeing a steady flow of patients with the telltale symp‚Ä¶ https://t.co/SyK0Tm11ph",0.2732,0.1,0.9,0.0,92
2018 04 08,The New York Times,"""I admit that I approached 'Chappaquiddick' with a measure of skepticism and a tremor of dread,"" @aoscott writes https://t.co/zae3KIxOMX",-0.0516,0.101,0.787,0.112,93
2018 04 08,The New York Times,"In Opinion

A former chancellor of the NYC public schools lays out steps that people ""of good conscience might take‚Ä¶ https://t.co/J8cscMPDc4",0.4404,0.132,0.868,0.0,94
2018 04 08,The New York Times,"They may happily coexist in your phone, but Bumble and Tinder, 2 of the world‚Äôs most popular dating apps, are at wa‚Ä¶ https://t.co/dvB2z1dzXz",0.7535,0.244,0.756,0.0,95
2018 04 08,The New York Times,RT @nytimesworld: An Indian film actress who staged a topless protest against sexual harassment in the movie industry has been accused of d‚Ä¶,-0.7717,0.0,0.712,0.288,96
2018 04 08,The New York Times,Bill Cosby's retrial on sexual assault charges starts Monday. Here's how the second trial will be different. https://t.co/V3d7pVWkUt,-0.7096,0.0,0.731,0.269,97
2018 04 08,The New York Times,A top White House official said the Trump administration would not rule out a missile strike to retaliate against t‚Ä¶ https://t.co/jF0IASWwcY,0.0772,0.089,0.837,0.074,98
2018 04 08,The New York Times,The crystals that may have helped Vikings navigate northern seas https://t.co/GFiSkwp4yQ,0.0,0.0,1.0,0.0,99
2018 04 08,The New York Times,"She started a Facebook group 2 years ago for middle-aged women. It has grown to over 7,000 members. What could poss‚Ä¶ https://t.co/emlaZ7vhIB",0.0,0.0,1.0,0.0,100
